DATE,OPEN,HIGH,LOW,CLOSE
21/02/2023,103.912,104.260,103.887,104.016
20/02/2023,103.959,104.089,103.760,103.878
17/02/2023,104.200,104.651,103.845,103.957
16/02/2023,103.876,104.232,103.544,104.101
15/02/2023,103.215,104.099,103.164,103.810
14/02/2023,103.218,103.518,102.636,103.270
13/02/2023,103.607,103.837,103.237,103.297
10/02/2023,103.255,103.683,102.899,103.607
09/02/2023,103.433,103.554,102.641,103.190
08/02/2023,103.267,103.521,103.002,103.469
07/02/2023,103.537,103.964,103.001,103.339
06/02/2023,103.088,103.765,103.010,103.629
03/02/2023,101.830,103.132,101.546,103.088
02/02/2023,100.850,101.908,100.820,101.726
01/02/2023,102.095,102.185,101.036,101.080
31/01/2023,102.192,102.607,102.008,102.100
30/01/2023,101.900,102.314,101.659,102.242
27/01/2023,101.715,102.189,101.682,101.899
26/01/2023,101.578,102.180,101.504,101.795
25/01/2023,102.005,102.118,101.576,101.598
24/01/2023,101.988,102.428,101.716,101.916
23/01/2023,101.880,102.275,101.589,102.018
20/01/2023,102.075,102.552,101.880,101.880
19/01/2023,102.381,102.481,101.991,102.066
18/01/2023,102.465,102.899,101.528,102.395
17/01/2023,102.321,102.556,101.937,102.383
16/01/2023,102.209,102.557,101.773,102.304
13/01/2023,102.210,102.654,101.988,102.210
12/01/2023,103.061,103.290,102.078,102.289
11/01/2023,103.221,103.482,103.111,103.179
10/01/2023,103.294,103.490,103.033,103.288
09/01/2023,103.807,103.869,102.944,103.175
06/01/2023,105.051,105.631,103.798,103.808
05/01/2023,104.071,105.272,103.985,105.131
04/01/2023,104.581,104.597,103.831,104.230
03/01/2023,103.663,104.859,103.469,104.650
30/12/2022,103.950,104.104,103.391,103.494
29/12/2022,104.374,104.449,103.780,103.984
28/12/2022,104.328,104.557,103.846,104.460
27/12/2022,104.118,104.399,103.887,104.208
23/12/2022,104.393,104.536,104.124,104.325
22/12/2022,104.216,104.598,103.752,104.394
21/12/2022,103.953,104.383,103.853,104.241
20/12/2022,104.727,104.788,103.777,103.971
19/12/2022,104.746,104.931,104.134,104.666
16/12/2022,104.450,104.838,104.210,104.747
15/12/2022,103.668,104.879,103.541,104.586
14/12/2022,104.074,104.163,103.448,103.662
13/12/2022,104.991,105.095,103.586,104.011
12/12/2022,105.024,105.249,104.669,105.000
09/12/2022,104.856,105.136,104.483,105.024
08/12/2022,105.201,105.433,104.724,104.788
07/12/2022,105.634,105.822,104.876,105.165
06/12/2022,105.156,105.630,104.891,105.564
05/12/2022,104.542,105.399,104.113,105.292
02/12/2022,104.821,105.585,104.377,104.540
01/12/2022,105.697,105.896,104.662,104.732
30/11/2022,106.723,107.195,105.778,105.873
29/11/2022,106.573,106.881,106.058,106.835
28/11/2022,106.322,106.746,105.321,106.664
25/11/2022,105.955,106.423,105.687,106.321
24/11/2022,105.986,106.067,105.633,105.870
23/11/2022,107.076,107.223,106.030,106.097
22/11/2022,107.697,107.747,107.121,107.152
21/11/2022,106.943,107.993,106.894,107.775
18/11/2022,106.693,107.043,106.337,106.943
17/11/2022,106.267,107.240,106.098,106.683
16/11/2022,106.581,106.784,105.859,106.269
15/11/2022,106.997,107.104,105.340,106.571
14/11/2022,106.699,107.274,106.477,106.945
11/11/2022,108.235,108.440,106.281,106.697
10/11/2022,110.299,110.992,107.714,108.086
09/11/2022,109.651,110.643,109.452,110.442
08/11/2022,110.055,110.610,109.366,109.611
07/11/2022,111.222,111.274,110.050,110.221
04/11/2022,112.974,112.993,110.715,110.788
03/11/2022,112.165,113.148,111.818,112.966
02/11/2022,111.535,112.149,110.426,112.116
01/11/2022,111.517,111.780,110.719,111.549
31/10/2022,110.781,111.665,110.721,111.579
28/10/2022,110.499,111.044,110.288,110.784
27/10/2022,109.619,110.617,109.535,110.561
26/10/2022,110.956,111.135,109.630,109.736
25/10/2022,111.817,112.127,110.759,111.005
24/10/2022,111.975,112.534,111.474,112.003
21/10/2022,112.939,113.942,111.547,111.975
20/10/2022,112.990,113.094,112.165,112.820
19/10/2022,111.911,113.095,111.911,112.886
18/10/2022,112.072,112.455,111.773,111.999
17/10/2022,113.192,113.206,111.922,112.067
14/10/2022,112.474,113.420,112.162,113.191
13/10/2022,113.236,113.920,112.147,112.455
12/10/2022,113.306,113.592,113.052,113.212
11/10/2022,113.080,113.500,112.410,113.275
10/10/2022,112.847,113.333,112.621,113.179
07/10/2022,112.249,112.882,111.948,112.846
06/10/2022,111.018,112.311,110.779,112.228
05/10/2022,110.225,111.735,110.092,111.207
04/10/2022,111.588,111.886,110.055,110.204
03/10/2022,112.086,112.543,111.470,111.663
30/09/2022,111.748,112.673,111.576,112.086
29/09/2022,113.014,113.789,111.766,111.766
28/09/2022,114.185,114.778,112.561,112.746
27/09/2022,114.020,114.472,113.356,114.108
26/09/2022,112.987,114.527,112.970,114.109
23/09/2022,111.239,113.244,111.078,112.987
22/09/2022,111.480,111.814,110.462,111.262
21/09/2022,110.162,111.578,110.132,111.317
20/09/2022,109.581,110.293,109.355,110.192
19/09/2022,109.659,110.175,109.489,109.591
16/09/2022,109.802,110.260,109.475,109.659
15/09/2022,109.607,109.921,109.420,109.748
14/09/2022,109.974,109.974,109.275,109.619
13/09/2022,108.228,110.012,107.680,110.012
12/09/2022,108.798,108.860,107.810,108.304
09/09/2022,109.575,109.575,108.360,108.797
08/09/2022,109.673,110.243,109.334,109.640
07/09/2022,110.317,110.786,109.526,109.531
06/09/2022,109.602,110.553,109.378,110.252
05/09/2022,109.890,110.271,109.717,109.788
02/09/2022,109.643,110.032,108.933,109.888
01/09/2022,108.836,109.977,108.767,109.633
31/08/2022,108.753,109.202,108.379,108.685
30/08/2022,108.696,109.111,108.286,108.822
29/08/2022,109.000,109.478,108.491,108.746
26/08/2022,108.466,109.003,107.588,109.000
25/08/2022,108.625,108.690,107.991,108.420
24/08/2022,108.518,109.112,108.363,108.605
23/08/2022,109.001,109.270,108.077,108.512
22/08/2022,108.119,109.097,108.080,108.956
19/08/2022,107.498,108.215,107.467,108.119
18/08/2022,106.675,107.560,106.505,107.493
17/08/2022,106.450,106.890,106.310,106.667
16/08/2022,106.480,106.943,106.318,106.478
15/08/2022,105.676,106.551,105.552,106.491
12/08/2022,105.157,105.882,105.087,105.676
11/08/2022,105.209,105.461,104.646,105.092
10/08/2022,106.341,106.403,104.636,105.196
09/08/2022,106.335,106.408,105.969,106.302
08/08/2022,106.653,106.804,106.093,106.378
05/08/2022,105.721,106.930,105.694,106.652
04/08/2022,106.476,106.511,105.668,105.755
03/08/2022,106.434,106.819,105.974,106.377
02/08/2022,105.364,106.352,105.049,106.344
01/08/2022,105.930,106.025,105.241,105.407
29/07/2022,106.208,106.661,105.542,105.930
28/07/2022,106.370,106.975,106.059,106.207
27/07/2022,107.130,107.426,106.264,106.464
26/07/2022,106.452,107.283,106.201,107.204
25/07/2022,106.586,106.883,106.187,106.482
22/07/2022,106.586,107.359,106.112,106.587
21/07/2022,107.085,107.323,106.415,106.605
20/07/2022,106.674,107.255,106.386,107.040
19/07/2022,107.494,107.627,106.404,106.683
18/07/2022,108.021,108.036,106.892,107.414
15/07/2022,108.669,108.712,107.912,108.020
14/07/2022,108.139,109.294,108.139,108.638
13/07/2022,108.185,108.583,107.477,108.021
12/07/2022,108.183,108.562,107.843,108.161
11/07/2022,106.983,108.268,106.980,108.211
08/07/2022,107.044,107.786,106.805,106.983
07/07/2022,107.066,107.235,106.714,107.037
06/07/2022,106.493,107.264,106.358,107.044
05/07/2022,105.135,106.792,105.051,106.490
04/07/2022,105.072,105.252,104.815,105.144
01/07/2022,104.775,105.635,104.742,105.070
30/06/2022,105.056,105.541,104.645,104.739
29/06/2022,104.463,105.149,104.356,105.098
28/06/2022,103.971,104.606,103.770,104.486
27/06/2022,104.066,104.212,103.673,103.944
24/06/2022,104.378,104.513,103.954,104.066
23/06/2022,104.212,104.769,104.060,104.404
22/06/2022,104.431,104.947,103.858,104.185
21/06/2022,104.442,104.536,103.938,104.426
20/06/2022,104.705,104.754,104.234,104.481
17/06/2022,103.881,105.085,103.833,104.704
16/06/2022,104.898,105.493,103.418,103.802
15/06/2022,105.348,105.788,104.660,104.850
14/06/2022,105.190,105.652,104.622,105.478
13/06/2022,104.298,105.285,104.273,105.202
10/06/2022,103.337,104.350,103.047,104.298
09/06/2022,102.562,103.367,102.152,103.307
08/06/2022,102.389,102.776,102.269,102.546
07/06/2022,102.491,102.839,102.260,102.332
06/06/2022,102.118,102.469,101.848,102.413
03/06/2022,101.750,102.225,101.644,102.118
02/06/2022,102.548,102.618,101.737,101.748
01/06/2022,101.761,102.731,101.738,102.543
31/05/2022,101.435,102.166,101.414,101.783
30/05/2022,101.674,101.724,101.297,101.367
27/05/2022,101.718,101.936,101.433,101.675
26/05/2022,102.020,102.266,101.738,101.758
25/05/2022,101.772,102.449,101.728,102.075
24/05/2022,102.108,102.316,101.646,101.769
23/05/2022,102.941,102.957,102.040,102.093
20/05/2022,102.903,103.261,102.771,102.939
19/05/2022,103.832,103.877,102.657,102.869
18/05/2022,103.337,103.931,103.194,103.903
17/05/2022,104.166,104.230,103.226,103.300
16/05/2022,104.573,104.643,104.138,104.189
13/05/2022,104.769,105.005,104.457,104.573
12/05/2022,104.008,104.925,103.877,104.750
11/05/2022,103.904,104.105,103.372,104.004
10/05/2022,103.727,103.978,103.499,103.920
09/05/2022,103.732,104.187,103.392,103.756
06/05/2022,103.558,104.061,103.186,103.732
05/05/2022,102.677,103.942,102.352,103.553
04/05/2022,103.464,103.615,102.457,102.511
03/05/2022,103.596,103.673,103.036,103.456
02/05/2022,103.263,103.747,103.107,103.604
29/04/2022,103.673,103.673,102.818,103.262
28/04/2022,103.037,103.928,102.979,103.670
27/04/2022,102.277,103.282,102.222,102.995
26/04/2022,101.727,102.363,101.510,102.300
25/04/2022,101.160,101.856,101.061,101.736
22/04/2022,100.620,101.331,100.473,101.160
21/04/2022,100.349,100.638,99.818,100.626
20/04/2022,100.980,101.035,100.220,100.343
19/04/2022,100.771,101.028,100.696,100.998
18/04/2022,100.525,100.864,100.459,100.834
15/04/2022,100.423,100.587,100.397,100.525
14/04/2022,99.792,100.761,99.571,100.339
13/04/2022,100.341,100.523,99.832,99.849
12/04/2022,100.035,100.333,99.740,100.314
11/04/2022,99.743,100.049,99.615,99.976
08/04/2022,99.823,100.189,99.620,99.745
07/04/2022,99.650,99.832,99.399,99.749
06/04/2022,99.471,99.769,99.313,99.624
05/04/2022,98.997,99.524,98.838,99.481
04/04/2022,98.632,99.082,98.519,98.990
01/04/2022,98.335,98.744,98.309,98.632
31/03/2022,97.833,98.396,97.690,98.349
30/03/2022,98.370,98.430,97.685,97.839
29/03/2022,99.076,99.295,98.037,98.410
28/03/2022,98.829,99.369,98.819,99.124
25/03/2022,98.749,98.855,98.400,98.829
24/03/2022,98.635,98.957,98.595,98.772
23/03/2022,98.475,98.883,98.388,98.613
22/03/2022,98.491,98.965,98.323,98.420
21/03/2022,98.252,98.528,98.157,98.478
18/03/2022,97.999,98.623,97.837,98.252
17/03/2022,98.503,98.508,97.727,98.017
16/03/2022,98.889,99.079,98.295,98.405
15/03/2022,99.126,99.200,98.638,99.014
14/03/2022,99.064,99.292,98.682,99.091
11/03/2022,98.514,99.157,98.267,99.064
10/03/2022,97.980,98.596,97.712,98.513
09/03/2022,99.093,99.116,97.853,97.980
08/03/2022,99.258,99.323,98.708,99.094
07/03/2022,98.570,99.418,98.570,99.258
04/03/2022,98.043,98.916,97.836,98.509
03/03/2022,97.471,97.953,97.429,97.725
02/03/2022,97.369,97.829,97.293,97.357
01/03/2022,96.765,97.576,96.626,97.392
28/02/2022,97.064,97.421,96.614,96.747
25/02/2022,97.003,97.248,96.523,97.065
24/02/2022,96.223,97.735,96.223,97.048
23/02/2022,96.040,96.236,95.848,96.197
22/02/2022,96.081,96.257,95.841,96.064
21/02/2022,96.140,96.151,95.686,96.136
18/02/2022,95.831,96.165,95.729,96.140
17/02/2022,95.772,96.107,95.711,95.805
16/02/2022,96.007,96.062,95.677,95.783
15/02/2022,96.244,96.287,95.957,95.985
14/02/2022,95.963,96.435,95.906,96.289
11/02/2022,95.941,96.111,95.641,95.962
10/02/2022,95.568,96.002,95.173,95.793
09/02/2022,95.589,95.674,95.383,95.558
08/02/2022,95.429,95.750,95.398,95.627
07/02/2022,95.442,95.631,95.354,95.415
04/02/2022,95.307,95.701,95.137,95.443
03/02/2022,96.022,96.250,95.237,95.353
02/02/2022,96.268,96.301,95.806,95.994
01/02/2022,96.702,96.722,96.235,96.269
31/01/2022,97.223,97.255,96.518,96.648
28/01/2022,97.250,97.441,97.055,97.223
27/01/2022,96.545,97.292,96.533,97.204
26/01/2022,95.962,96.536,95.911,96.483
25/01/2022,95.934,96.272,95.897,95.966
24/01/2022,95.653,96.127,95.643,95.869
21/01/2022,95.809,95.838,95.495,95.652
20/01/2022,95.587,95.861,95.419,95.770
19/01/2022,95.771,95.791,95.492,95.617
18/01/2022,95.223,95.830,95.129,95.726
17/01/2022,95.189,95.346,95.037,95.251
14/01/2022,94.871,95.266,94.629,95.189
13/01/2022,94.991,95.022,94.660,94.860
12/01/2022,95.579,95.690,94.907,94.987
11/01/2022,95.929,96.070,95.583,95.601
10/01/2022,95.791,96.229,95.757,95.947
07/01/2022,96.261,96.295,95.712,95.791
06/01/2022,96.203,96.387,96.035,96.242
05/01/2022,96.308,96.334,95.886,96.187
04/01/2022,96.186,96.462,96.032,96.282
03/01/2022,95.663,96.327,95.655,96.226
31/12/2021,95.986,96.107,95.570,95.663
30/12/2021,95.887,96.223,95.860,95.999
29/12/2021,96.150,96.395,95.764,95.885
28/12/2021,96.065,96.278,95.996,96.153
27/12/2021,96.087,96.257,96.054,96.068
24/12/2021,96.149,96.149,96.066,96.087
23/12/2021,96.033,96.277,95.990,96.062
22/12/2021,96.468,96.602,96.020,96.122
21/12/2021,96.536,96.639,96.341,96.478
20/12/2021,96.636,96.679,96.335,96.505
17/12/2021,96.004,96.690,95.877,96.636
16/12/2021,96.433,96.446,95.851,95.999
15/12/2021,96.550,96.906,96.297,96.328
14/12/2021,96.352,96.587,96.099,96.559
13/12/2021,96.052,96.445,96.052,96.364
10/12/2021,96.215,96.427,95.976,96.052
09/12/2021,96.006,96.338,95.973,96.205
08/12/2021,96.256,96.379,95.881,95.912
07/12/2021,96.299,96.592,96.172,96.296
06/12/2021,96.175,96.427,96.125,96.290
03/12/2021,96.117,96.448,95.967,96.175
02/12/2021,96.074,96.175,95.827,96.135
01/12/2021,95.936,96.136,95.670,96.038
30/11/2021,96.224,96.642,95.517,95.906
29/11/2021,96.215,96.445,96.141,96.193
26/11/2021,96.722,96.770,95.753,96.079
25/11/2021,96.806,96.818,96.652,96.789
24/11/2021,96.525,96.938,96.435,96.839
23/11/2021,96.456,96.609,96.309,96.488
22/11/2021,96.142,96.549,96.038,96.502
19/11/2021,95.585,96.239,95.580,96.141
18/11/2021,95.798,95.841,95.518,95.523
17/11/2021,95.939,96.241,95.726,95.815
16/11/2021,95.467,95.978,95.400,95.920
15/11/2021,95.132,95.595,94.967,95.524
12/11/2021,95.183,95.265,94.997,95.132
11/11/2021,94.844,95.196,94.841,95.155
10/11/2021,93.983,94.903,93.967,94.868
09/11/2021,94.091,94.153,93.875,93.984
08/11/2021,94.241,94.378,93.994,94.059
05/11/2021,94.337,94.620,94.186,94.241
04/11/2021,93.858,94.473,93.825,94.333
03/11/2021,94.122,94.212,93.820,93.852
02/11/2021,93.926,94.132,93.818,94.099
01/11/2021,94.156,94.309,93.858,93.878
29/10/2021,93.359,94.300,93.322,94.157
28/10/2021,93.884,93.969,93.278,93.359
27/10/2021,93.966,94.007,93.693,93.858
26/10/2021,93.842,94.022,93.705,93.966
25/10/2021,93.629,93.964,93.484,93.825
22/10/2021,93.750,93.786,93.536,93.629
21/10/2021,93.582,93.790,93.496,93.758
20/10/2021,93.808,93.879,93.541,93.600
19/10/2021,93.946,93.947,93.504,93.785
18/10/2021,93.960,94.171,93.869,93.949
15/10/2021,94.034,94.066,93.847,93.960
14/10/2021,94.023,94.087,93.759,93.976
13/10/2021,94.518,94.531,94.002,94.004
12/10/2021,94.370,94.561,94.229,94.513
11/10/2021,94.137,94.401,94.029,94.361
08/10/2021,94.207,94.336,93.939,94.137
07/10/2021,94.228,94.282,94.082,94.198
06/10/2021,93.990,94.447,93.984,94.233
05/10/2021,93.832,94.065,93.807,93.978
04/10/2021,93.958,94.104,93.678,93.802
01/10/2021,94.305,94.393,93.940,93.958
30/09/2021,94.353,94.503,94.109,94.240
29/09/2021,93.724,94.432,93.672,94.362
28/09/2021,93.412,93.806,93.363,93.720
27/09/2021,93.278,93.490,93.208,93.404
24/09/2021,93.072,93.419,93.046,93.278
23/09/2021,93.480,93.524,92.981,93.082
22/09/2021,93.225,93.514,92.992,93.438
21/09/2021,93.239,93.285,93.052,93.202
20/09/2021,93.239,93.453,93.185,93.222
17/09/2021,92.876,93.259,92.765,93.239
16/09/2021,92.461,92.964,92.458,92.867
15/09/2021,92.676,92.680,92.422,92.474
14/09/2021,92.619,92.680,92.322,92.662
13/09/2021,92.631,92.885,92.566,92.614
10/09/2021,92.534,92.649,92.330,92.631
09/09/2021,92.708,92.761,92.380,92.522
08/09/2021,92.541,92.862,92.473,92.700
07/09/2021,92.202,92.569,92.104,92.525
06/09/2021,92.157,92.311,92.157,92.210
03/09/2021,92.224,92.260,91.947,92.117
02/09/2021,92.511,92.535,92.210,92.215
01/09/2021,92.663,92.789,92.378,92.499
31/08/2021,92.705,92.749,92.403,92.642
30/08/2021,92.677,92.788,92.598,92.695
27/08/2021,93.033,93.181,92.629,92.678
26/08/2021,92.830,93.078,92.810,93.043
25/08/2021,92.883,93.126,92.805,92.823
24/08/2021,92.987,93.084,92.806,92.880
23/08/2021,93.496,93.505,92.948,92.973
20/08/2021,93.563,93.729,93.434,93.496
19/08/2021,93.168,93.584,93.168,93.563
18/08/2021,93.144,93.264,92.956,93.152
17/08/2021,92.617,93.165,92.611,93.134
16/08/2021,92.537,92.661,92.481,92.612
13/08/2021,92.966,93.011,92.471,92.537
12/08/2021,92.888,93.035,92.846,92.997
11/08/2021,93.066,93.192,92.801,92.897
10/08/2021,92.977,93.137,92.943,93.070
09/08/2021,92.816,92.989,92.719,92.970
06/08/2021,92.265,92.841,92.261,92.815
05/08/2021,92.277,92.351,92.115,92.257
04/08/2021,92.039,92.308,91.817,92.281
03/08/2021,92.056,92.155,91.894,92.071
02/08/2021,92.104,92.171,91.912,92.068
30/07/2021,91.851,92.201,91.782,92.105
29/07/2021,92.265,92.289,91.856,91.879
28/07/2021,92.458,92.749,92.235,92.269
27/07/2021,92.626,92.836,92.317,92.473
26/07/2021,92.890,92.959,92.531,92.629
23/07/2021,92.807,93.024,92.779,92.891
22/07/2021,92.803,92.923,92.507,92.833
21/07/2021,92.969,93.191,92.726,92.777
20/07/2021,92.876,93.170,92.801,92.965
19/07/2021,92.698,93.039,92.635,92.829
16/07/2021,92.587,92.756,92.530,92.697
15/07/2021,92.395,92.694,92.272,92.563
14/07/2021,92.802,92.829,92.349,92.368
13/07/2021,92.228,92.813,92.140,92.776
12/07/2021,92.134,92.420,92.083,92.223
09/07/2021,92.360,92.541,92.090,92.133
08/07/2021,92.696,92.791,92.244,92.356
07/07/2021,92.525,92.845,92.425,92.701
06/07/2021,92.240,92.662,92.004,92.547
05/07/2021,92.272,92.358,92.138,92.238
02/07/2021,92.570,92.741,92.177,92.271
01/07/2021,92.349,92.601,92.263,92.533
30/06/2021,92.079,92.448,92.001,92.358
29/06/2021,91.875,92.194,91.855,92.073
28/06/2021,91.803,92.015,91.699,91.881
25/06/2021,91.826,91.877,91.525,91.803
24/06/2021,91.800,91.906,91.661,91.812
23/06/2021,91.730,91.902,91.513,91.788
22/06/2021,91.877,92.138,91.645,91.709
21/06/2021,92.270,92.373,91.829,91.844
18/06/2021,91.882,92.405,91.809,92.270
17/06/2021,91.425,92.008,91.306,91.896
16/06/2021,90.537,91.402,90.441,91.395
15/06/2021,90.484,90.675,90.346,90.511
14/06/2021,90.494,90.601,90.412,90.502
11/06/2021,90.070,90.611,89.957,90.493
10/06/2021,90.143,90.310,89.984,90.065
09/06/2021,90.132,90.165,89.837,90.134
08/06/2021,89.985,90.176,89.955,90.135
07/06/2021,90.155,90.301,89.914,89.976
04/06/2021,90.467,90.627,90.026,90.155
03/06/2021,89.926,90.551,89.887,90.491
02/06/2021,89.921,90.246,89.857,89.904
01/06/2021,89.813,89.940,89.663,89.924
31/05/2021,90.056,90.120,89.816,89.832
28/05/2021,90.034,90.441,89.982,90.056
27/05/2021,90.079,90.179,89.893,90.004
26/05/2021,89.694,90.109,89.586,90.045
25/05/2021,89.851,89.868,89.535,89.672
24/05/2021,90.058,90.103,89.763,89.839
21/05/2021,89.778,90.154,89.650,90.059
20/05/2021,90.209,90.232,89.748,89.752
19/05/2021,89.782,90.287,89.688,90.177
18/05/2021,90.180,90.203,89.693,89.783
17/05/2021,90.310,90.428,90.147,90.193
14/05/2021,90.756,90.803,90.277,90.310
13/05/2021,90.747,90.907,90.587,90.718
12/05/2021,90.194,90.796,90.163,90.773
11/05/2021,90.239,90.357,89.982,90.167
10/05/2021,90.197,90.339,90.042,90.279
07/05/2021,90.875,90.959,90.129,90.198
06/05/2021,91.271,91.379,90.876,90.896
05/05/2021,91.278,91.436,91.173,91.264
04/05/2021,91.002,91.398,90.986,91.286
03/05/2021,91.262,91.387,90.867,90.972
30/04/2021,90.631,91.322,90.591,91.262
29/04/2021,90.551,90.789,90.424,90.636
28/04/2021,90.898,91.128,90.553,90.597
27/04/2021,90.877,91.071,90.814,90.886
26/04/2021,90.854,90.986,90.682,90.843
23/04/2021,91.288,91.298,90.810,90.854
22/04/2021,91.111,91.419,91.000,91.279
21/04/2021,91.206,91.428,91.086,91.114
20/04/2021,91.048,91.279,90.856,91.204
19/04/2021,91.602,91.746,91.034,91.082
16/04/2021,91.659,91.813,91.486,91.602
15/04/2021,91.627,91.746,91.493,91.668
14/04/2021,91.827,91.829,91.574,91.636
13/04/2021,92.076,92.325,91.793,91.827
12/04/2021,92.200,92.330,92.010,92.086
09/04/2021,92.073,92.413,92.025,92.200
08/04/2021,92.416,92.478,91.999,92.070
07/04/2021,92.320,92.499,92.137,92.424
06/04/2021,92.574,92.788,92.272,92.305
05/04/2021,92.995,93.111,92.544,92.574
02/04/2021,92.891,93.071,92.832,92.996
01/04/2021,93.216,93.336,92.875,92.876
31/03/2021,93.240,93.437,92.989,93.203
30/03/2021,92.912,93.354,92.881,93.267
29/03/2021,92.742,92.964,92.720,92.911
26/03/2021,92.812,92.872,92.645,92.742
25/03/2021,92.598,92.917,92.513,92.850
24/03/2021,92.385,92.611,92.340,92.577
23/03/2021,91.800,92.395,91.757,92.344
22/03/2021,91.996,92.108,91.709,91.789
19/03/2021,91.834,92.166,91.657,91.744
18/03/2021,91.397,91.904,91.301,91.831
17/03/2021,91.858,92.004,91.373,91.380
16/03/2021,91.827,92.027,91.679,91.868
15/03/2021,91.703,91.965,91.540,91.809
12/03/2021,91.427,91.963,91.400,91.704
11/03/2021,91.786,91.878,91.365,91.423
10/03/2021,92.047,92.241,91.768,91.790
09/03/2021,92.463,92.503,91.907,91.972
08/03/2021,91.881,92.421,91.842,92.373
05/03/2021,91.656,92.192,91.624,91.882
04/03/2021,91.010,91.673,90.972,91.620
03/03/2021,90.792,91.063,90.632,90.980
02/03/2021,91.028,91.394,90.725,90.813
01/03/2021,90.789,91.136,90.686,91.006
26/02/2021,90.360,90.973,90.132,90.790
25/02/2021,90.071,90.288,89.683,90.192
24/02/2021,90.101,90.430,89.981,90.062
23/02/2021,90.023,90.264,89.943,90.119
22/02/2021,90.319,90.575,89.995,90.075
19/02/2021,90.570,90.653,90.177,90.340
18/02/2021,90.900,90.981,90.541,90.554
17/02/2021,90.711,91.056,90.617,90.919
16/02/2021,90.293,90.648,90.118,90.643
15/02/2021,90.432,90.465,90.266,90.356
12/02/2021,90.411,90.742,90.380,90.431
11/02/2021,90.459,90.474,90.262,90.408
10/02/2021,90.492,90.527,90.251,90.428
09/02/2021,90.911,90.928,90.426,90.456
08/02/2021,91.019,91.235,90.896,90.956
05/02/2021,91.494,91.602,90.970,91.019
04/02/2021,91.090,91.583,91.085,91.527
03/02/2021,91.046,91.309,90.987,91.095
02/02/2021,91.000,91.287,90.801,91.052
01/02/2021,90.615,91.063,90.502,91.004
29/01/2021,90.562,90.780,90.363,90.615
28/01/2021,90.730,90.863,90.405,90.537
27/01/2021,90.154,90.880,90.153,90.602
26/01/2021,90.393,90.613,90.117,90.171
25/01/2021,90.224,90.519,90.083,90.344
22/01/2021,90.051,90.307,90.051,90.224
21/01/2021,90.418,90.452,90.050,90.077
20/01/2021,90.408,90.697,90.275,90.433
19/01/2021,90.728,90.762,90.402,90.476
18/01/2021,90.773,90.951,90.741,90.779
15/01/2021,90.224,90.801,90.223,90.774
14/01/2021,90.276,90.578,90.075,90.245
13/01/2021,90.001,90.450,89.923,90.332
12/01/2021,90.519,90.617,90.030,90.041
11/01/2021,90.203,90.728,90.203,90.523
08/01/2021,89.832,90.248,89.664,90.203
07/01/2021,89.321,89.969,89.321,89.818
06/01/2021,89.479,89.802,89.209,89.408
05/01/2021,89.903,89.903,89.428,89.490
04/01/2021,89.711,89.944,89.423,89.907
01/01/2021,89.931,89.931,89.931,89.931
31/12/2020,89.612,89.978,89.516,89.923
30/12/2020,89.979,89.979,89.559,89.604
29/12/2020,90.209,90.227,89.853,89.969
28/12/2020,90.199,90.378,89.980,90.288
25/12/2020,90.330,90.423,90.195,90.200
24/12/2020,90.278,90.381,90.151,90.329
23/12/2020,90.520,90.666,90.156,90.332
22/12/2020,90.090,90.718,90.059,90.606
21/12/2020,90.256,91.018,90.016,90.092
18/12/2020,89.828,90.258,89.828,90.256
17/12/2020,90.272,90.272,89.730,89.805
16/12/2020,90.492,90.704,90.128,90.243
15/12/2020,90.693,90.821,90.423,90.476
14/12/2020,90.765,90.905,90.421,90.710
11/12/2020,90.738,91.041,90.616,90.765
10/12/2020,91.059,91.151,90.666,90.776
09/12/2020,90.919,91.200,90.693,91.102
08/12/2020,90.899,91.017,90.752,90.938
07/12/2020,90.817,91.238,90.617,90.863
04/12/2020,90.712,90.872,90.476,90.817
03/12/2020,91.055,91.091,90.511,90.696
02/12/2020,91.191,91.501,90.991,91.018
01/12/2020,91.945,91.945,91.158,91.186
30/11/2020,91.720,92.051,91.517,91.991
27/11/2020,92.020,92.047,91.718,91.720
26/11/2020,91.946,92.172,91.845,92.031
25/11/2020,92.112,92.260,91.928,91.994
24/11/2020,92.526,92.559,92.129,92.161
23/11/2020,92.353,92.800,92.016,92.519
20/11/2020,92.342,92.432,92.206,92.354
19/11/2020,92.560,92.720,92.237,92.343
18/11/2020,92.442,92.514,92.213,92.409
17/11/2020,92.494,92.608,92.267,92.438
16/11/2020,92.657,92.844,92.464,92.549
13/11/2020,92.954,93.005,92.653,92.657
12/11/2020,93.011,93.136,92.775,92.958
11/11/2020,92.700,93.208,92.621,92.991
10/11/2020,92.762,92.974,92.604,92.728
09/11/2020,92.164,92.962,92.130,92.830
06/11/2020,92.572,92.819,92.148,92.164
05/11/2020,93.343,93.545,92.485,92.633
04/11/2020,93.092,94.302,93.092,93.478
03/11/2020,94.051,94.051,93.290,93.339
02/11/2020,94.098,94.285,93.976,94.037
30/10/2020,93.918,94.098,93.651,94.098
29/10/2020,93.434,94.102,93.335,93.927
28/10/2020,93.151,93.645,93.047,93.449
27/10/2020,93.072,93.133,92.787,93.093
26/10/2020,92.820,93.113,92.786,93.072
23/10/2020,92.928,93.126,92.664,92.822
22/10/2020,92.668,92.973,92.610,92.927
21/10/2020,93.048,93.071,92.474,92.619
20/10/2020,93.421,93.503,92.997,93.081
19/10/2020,93.697,93.766,93.214,93.275
16/10/2020,93.802,93.878,93.531,93.694
15/10/2020,93.434,93.904,93.368,93.778
14/10/2020,93.544,93.667,93.246,93.401
13/10/2020,93.033,93.564,93.033,93.531
12/10/2020,93.101,93.242,93.014,93.033
09/10/2020,93.563,93.588,93.077,93.101
08/10/2020,93.609,93.778,93.497,93.571
07/10/2020,93.830,93.900,93.560,93.605
06/10/2020,93.435,93.851,93.335,93.848
05/10/2020,93.857,93.874,93.372,93.449
02/10/2020,93.734,94.022,93.687,93.857
01/10/2020,93.797,93.917,93.527,93.721
30/09/2020,93.861,94.190,93.667,93.804
29/09/2020,94.241,94.296,93.824,93.912
28/09/2020,94.545,94.636,94.150,94.306
25/09/2020,94.319,94.742,94.190,94.546
24/09/2020,94.378,94.594,94.196,94.334
23/09/2020,93.987,94.428,93.932,94.343
22/09/2020,93.555,94.081,93.465,93.974
21/09/2020,92.957,93.777,92.749,93.719
18/09/2020,92.864,93.012,92.766,92.958
17/09/2020,93.147,93.592,92.870,92.909
16/09/2020,93.121,93.284,92.784,93.102
15/09/2020,93.055,93.142,92.785,93.096
14/09/2020,93.253,93.328,92.884,93.051
11/09/2020,93.327,93.374,93.100,93.254
10/09/2020,93.233,93.451,92.711,93.351
09/09/2020,93.546,93.655,93.155,93.242
08/09/2020,93.054,93.450,93.011,93.246
07/09/2020,92.833,93.093,92.810,93.055
04/09/2020,92.790,93.195,92.662,92.834
03/09/2020,92.660,93.068,92.650,92.822
02/09/2020,92.279,92.864,92.208,92.651
01/09/2020,92.184,92.399,91.746,92.364
31/08/2020,92.297,92.471,92.066,92.156
28/08/2020,93.018,93.096,92.200,92.298
27/08/2020,92.815,93.312,92.474,92.994
26/08/2020,93.021,93.356,92.851,92.895
25/08/2020,93.333,93.347,92.976,93.007
24/08/2020,93.204,93.275,92.840,93.222
21/08/2020,92.722,93.473,92.575,93.204
20/08/2020,92.994,93.238,92.726,92.739
19/08/2020,92.279,92.608,92.154,92.608
18/08/2020,92.821,92.821,92.127,92.316
17/08/2020,93.078,93.123,92.770,92.823
14/08/2020,93.280,93.409,93.032,93.078
13/08/2020,93.365,93.374,92.928,93.224
12/08/2020,93.679,93.905,93.268,93.424
11/08/2020,93.492,93.724,93.174,93.522
10/08/2020,93.442,93.695,93.296,93.610
07/08/2020,92.803,93.623,92.793,93.442
06/08/2020,92.773,93.086,92.521,92.760
05/08/2020,93.232,93.245,92.563,92.805
04/08/2020,93.557,93.834,93.227,93.261
03/08/2020,93.362,93.991,93.318,93.509
31/07/2020,92.824,93.500,92.546,93.363
30/07/2020,93.319,93.679,92.929,92.962
29/07/2020,93.748,93.799,93.180,93.262
28/07/2020,93.581,94.007,93.493,93.725
27/07/2020,94.324,94.416,93.476,93.650
24/07/2020,94.678,94.833,94.321,94.324
23/07/2020,94.980,95.181,94.590,94.734
22/07/2020,95.128,95.412,94.829,95.012
21/07/2020,95.745,95.917,95.330,95.340
20/07/2020,95.963,96.179,95.734,95.815
17/07/2020,96.281,96.329,95.901,95.962
16/07/2020,96.003,96.467,95.893,96.303
15/07/2020,96.172,96.249,95.777,96.040
14/07/2020,96.541,96.701,96.179,96.187
13/07/2020,96.568,96.680,96.270,96.527
10/07/2020,96.752,96.974,96.439,96.569
09/07/2020,96.388,96.814,96.235,96.778
08/07/2020,96.987,97.052,96.403,96.452
07/07/2020,96.751,97.152,96.600,96.970
06/07/2020,97.185,97.192,96.569,96.767
03/07/2020,97.215,97.355,97.124,97.185
02/07/2020,97.145,97.339,96.810,97.212
01/07/2020,97.391,97.622,97.029,97.148
30/06/2020,97.396,97.802,97.230,97.384
29/06/2020,97.471,97.646,97.114,97.467
26/06/2020,97.350,97.682,97.258,97.471
25/06/2020,97.242,97.597,97.163,97.388
24/06/2020,96.657,97.240,96.550,97.210
23/06/2020,96.932,97.245,96.385,96.679
22/06/2020,97.640,97.739,97.005,97.012
19/06/2020,97.422,97.717,97.159,97.641
18/06/2020,97.077,97.580,96.951,97.452
17/06/2020,97.006,97.338,96.801,97.075
16/06/2020,96.563,97.252,96.431,97.032
15/06/2020,97.237,97.390,96.597,96.623
12/06/2020,96.805,97.454,96.492,97.236
11/06/2020,96.094,96.827,95.950,96.811
10/06/2020,96.431,96.456,95.716,96.055
09/06/2020,96.629,97.063,96.226,96.391
08/06/2020,96.842,97.069,96.598,96.703
05/06/2020,96.743,97.032,96.442,96.954
04/06/2020,97.322,97.634,96.572,96.761
03/06/2020,97.566,97.626,97.185,97.306
02/06/2020,97.841,97.909,97.430,97.679
01/06/2020,98.248,98.254,97.787,97.817
29/05/2020,98.515,98.547,97.945,98.247
28/05/2020,98.913,99.092,98.353,98.473
27/05/2020,99.016,99.342,98.716,98.948
26/05/2020,99.765,99.773,98.898,99.013
25/05/2020,99.784,99.975,99.686,99.808
22/05/2020,99.421,99.873,99.385,99.785
21/05/2020,99.175,99.512,99.023,99.421
20/05/2020,99.554,99.562,99.002,99.162
19/05/2020,99.619,99.731,99.230,99.579
18/05/2020,100.383,100.467,99.580,99.618
15/05/2020,100.259,100.488,100.080,100.383
14/05/2020,100.187,100.556,100.148,100.262
13/05/2020,100.008,100.276,99.577,100.201
12/05/2020,100.229,100.440,99.664,100.005
11/05/2020,99.839,100.281,99.666,100.228
08/05/2020,99.838,99.944,99.097,99.840
07/05/2020,100.209,100.401,99.812,99.837
06/05/2020,99.795,100.200,99.751,100.169
05/05/2020,99.506,99.970,99.299,99.811
04/05/2020,99.222,99.599,99.221,99.513
01/05/2020,99.126,99.244,98.645,99.222
30/04/2020,99.479,99.724,98.805,99.039
29/04/2020,99.876,99.885,99.465,99.501
28/04/2020,100.056,100.209,99.450,99.959
27/04/2020,100.270,100.319,99.833,100.053
24/04/2020,100.497,100.867,100.186,100.269
23/04/2020,100.448,100.691,100.037,100.483
22/04/2020,100.210,100.497,99.897,100.345
21/04/2020,99.943,100.478,99.928,100.209
20/04/2020,99.789,100.073,99.652,99.946
17/04/2020,99.859,100.294,99.626,99.789
16/04/2020,99.627,100.302,99.612,99.933
15/04/2020,98.818,99.976,98.817,99.568
14/04/2020,99.383,99.427,98.825,98.858
13/04/2020,99.476,99.630,99.139,99.486
10/04/2020,99.584,99.631,99.365,99.482
09/04/2020,100.134,100.299,99.362,99.559
08/04/2020,99.909,100.430,99.902,100.159
07/04/2020,100.753,100.790,99.770,99.959
06/04/2020,100.645,100.931,100.475,100.790
03/04/2020,100.202,100.851,100.143,100.645
02/04/2020,99.509,100.409,99.335,100.103
01/04/2020,99.010,99.842,98.911,99.476
31/03/2020,99.253,99.948,98.893,98.947
30/03/2020,98.544,99.319,98.289,99.040
27/03/2020,99.291,99.632,98.270,98.544
26/03/2020,100.956,101.018,99.239,99.459
25/03/2020,101.596,101.910,100.842,100.945
24/03/2020,102.131,102.213,101.050,101.776
23/03/2020,102.814,102.876,101.653,102.468
20/03/2020,102.936,102.992,101.086,102.805
19/03/2020,100.789,102.938,100.770,102.936
18/03/2020,99.380,101.743,99.154,100.914
17/03/2020,98.138,99.832,97.981,99.500
16/03/2020,97.796,98.467,97.446,97.998
13/03/2020,97.448,98.810,97.335,97.796
12/03/2020,96.653,98.311,96.079,97.502
11/03/2020,96.329,96.692,95.914,96.603
10/03/2020,95.339,96.582,95.226,96.482
09/03/2020,95.637,95.689,94.650,95.067
06/03/2020,96.614,96.702,95.635,95.635
05/03/2020,97.384,97.436,96.515,96.598
04/03/2020,97.168,97.594,97.119,97.372
03/03/2020,97.563,97.695,96.979,97.145
02/03/2020,97.954,98.086,97.181,97.511
28/02/2020,98.421,98.658,97.845,97.953
27/02/2020,99.018,99.051,98.361,98.386
26/02/2020,99.082,99.266,98.913,99.145
25/02/2020,99.327,99.388,98.883,98.995
24/02/2020,99.441,99.638,99.113,99.291
21/02/2020,99.857,99.870,99.231,99.442
20/02/2020,99.538,99.910,99.528,99.879
19/02/2020,99.434,99.722,99.378,99.589
18/02/2020,99.192,99.474,99.139,99.446
17/02/2020,99.095,99.208,99.042,99.147
14/02/2020,99.124,99.166,98.997,99.095
13/02/2020,98.990,99.110,98.854,99.101
12/02/2020,98.768,99.051,98.705,99.016
11/02/2020,98.863,98.952,98.708,98.749
10/02/2020,98.649,98.882,98.599,98.856
07/02/2020,98.459,98.718,98.417,98.648
06/02/2020,98.290,98.572,98.209,98.475
05/02/2020,97.941,98.318,97.901,98.260
04/02/2020,97.818,98.006,97.787,97.934
03/02/2020,97.416,97.887,97.413,97.805
31/01/2020,97.866,97.968,97.354,97.415
30/01/2020,98.028,98.074,97.791,97.864
29/01/2020,97.946,98.188,97.943,98.063
28/01/2020,97.951,98.156,97.904,97.970
27/01/2020,97.814,98.000,97.806,97.937
24/01/2020,97.719,97.945,97.667,97.813
23/01/2020,97.484,97.802,97.426,97.686
22/01/2020,97.622,97.686,97.441,97.500
21/01/2020,97.633,97.656,97.392,97.608
20/01/2020,97.629,97.729,97.579,97.610
17/01/2020,97.305,97.655,97.267,97.629
16/01/2020,97.184,97.363,97.085,97.303
15/01/2020,97.377,97.440,97.158,97.205
14/01/2020,97.362,97.562,97.328,97.387
13/01/2020,97.421,97.530,97.308,97.376
10/01/2020,97.432,97.584,97.295,97.422
09/01/2020,97.270,97.556,97.246,97.417
08/01/2020,96.825,97.350,96.818,97.313
07/01/2020,96.653,97.091,96.621,96.967
06/01/2020,96.837,96.897,96.540,96.623
03/01/2020,96.788,97.105,96.710,96.837
02/01/2020,96.477,96.873,96.425,96.800
01/01/2020,96.500,97.103,96.418,96.445
31/12/2019,96.733,96.733,96.355,96.529
30/12/2019,96.971,96.971,96.606,96.739
27/12/2019,97.543,97.552,96.915,96.970
26/12/2019,97.625,97.708,97.493,97.559
25/12/2019,97.670,97.726,96.541,97.632
24/12/2019,97.663,97.795,97.615,97.683
23/12/2019,97.676,97.817,97.583,97.668
20/12/2019,97.395,97.758,97.382,97.678
19/12/2019,97.403,97.486,97.224,97.405
18/12/2019,97.235,97.475,97.221,97.404
17/12/2019,97.142,97.295,97.028,97.184
16/12/2019,97.140,97.153,96.930,97.142
13/12/2019,96.777,97.237,96.719,97.140
12/12/2019,97.082,97.519,96.588,96.736
11/12/2019,97.512,97.596,97.039,97.129
10/12/2019,97.650,97.659,97.401,97.522
09/12/2019,97.687,97.724,97.558,97.649
06/12/2019,97.380,97.844,97.355,97.687
05/12/2019,97.591,97.595,97.358,97.389
04/12/2019,97.709,97.788,97.433,97.602
03/12/2019,97.891,97.940,97.644,97.728
02/12/2019,98.309,98.376,97.811,97.887
29/11/2019,98.345,98.544,98.225,98.310
28/11/2019,98.335,98.396,98.264,98.327
27/11/2019,98.297,98.440,98.280,98.312
26/11/2019,98.333,98.377,98.229,98.251
25/11/2019,98.274,98.381,98.174,98.285
22/11/2019,97.929,98.305,97.836,98.274
21/11/2019,97.860,98.033,97.727,97.958
20/11/2019,97.845,98.038,97.845,97.871
19/11/2019,97.807,97.886,97.751,97.824
18/11/2019,97.964,97.964,97.678,97.824
15/11/2019,98.166,98.234,97.959,97.964
14/11/2019,98.338,98.424,98.112,98.148
13/11/2019,98.326,98.447,98.292,98.316
12/11/2019,98.209,98.423,98.206,98.326
11/11/2019,98.355,98.382,98.128,98.214
08/11/2019,98.138,98.404,98.103,98.356
07/11/2019,97.946,98.234,97.821,98.129
06/11/2019,97.936,97.979,97.779,97.949
05/11/2019,97.548,98.006,97.469,97.909
04/11/2019,97.212,97.576,97.166,97.556
01/11/2019,97.298,97.454,97.107,97.212
31/10/2019,97.443,97.454,97.220,97.331
30/10/2019,97.673,98.004,97.447,97.451
29/10/2019,97.755,97.929,97.613,97.681
28/10/2019,97.824,97.894,97.674,97.741
25/10/2019,97.688,97.904,97.571,97.824
24/10/2019,97.457,97.777,97.283,97.666
23/10/2019,97.489,97.650,97.420,97.464
22/10/2019,97.312,97.573,97.261,97.518
21/10/2019,97.353,97.391,97.146,97.321
18/10/2019,97.599,97.659,97.141,97.353
17/10/2019,97.992,98.113,97.496,97.560
16/10/2019,98.320,98.420,97.898,98.008
15/10/2019,98.448,98.645,98.209,98.308
14/10/2019,98.392,98.531,98.365,98.430
11/10/2019,98.704,98.742,98.197,98.390
10/10/2019,98.980,99.067,98.619,98.693
09/10/2019,99.092,99.161,98.900,99.109
08/10/2019,98.977,99.249,98.848,99.115
07/10/2019,98.804,99.005,98.741,98.983
04/10/2019,98.873,98.996,98.735,98.803
03/10/2019,99.028,99.192,98.639,98.906
02/10/2019,99.164,99.415,98.960,99.019
01/10/2019,99.399,99.667,99.074,99.172
30/09/2019,99.069,99.459,99.052,99.394
27/09/2019,99.186,99.308,98.986,99.069
26/09/2019,98.962,99.276,98.838,99.207
25/09/2019,98.380,99.064,98.362,99.007
24/09/2019,98.643,98.705,98.290,98.333
23/09/2019,98.508,98.832,98.446,98.614
20/09/2019,98.340,98.638,98.144,98.507
19/09/2019,98.569,98.623,98.200,98.358
18/09/2019,98.207,98.693,98.193,98.549
17/09/2019,98.649,98.744,98.186,98.211
16/09/2019,98.112,98.712,98.026,98.644
13/09/2019,98.414,98.429,97.858,98.111
12/09/2019,98.633,99.099,98.189,98.360
11/09/2019,98.334,98.745,97.861,98.626
10/09/2019,98.329,98.463,98.259,98.324
09/09/2019,98.434,98.509,98.142,98.303
06/09/2019,98.419,98.519,98.012,98.435
05/09/2019,98.401,98.535,98.085,98.371
04/09/2019,98.962,98.970,98.391,98.398
03/09/2019,99.080,99.370,98.915,98.962
02/09/2019,98.828,99.133,98.806,99.040
30/08/2019,98.432,99.023,98.407,98.807
29/08/2019,98.186,98.550,98.157,98.447
28/08/2019,98.009,98.264,97.998,98.194
27/08/2019,98.053,98.054,97.858,98.002
26/08/2019,97.532,98.091,97.517,98.042
23/08/2019,98.187,98.450,97.169,97.534
22/08/2019,98.252,98.393,98.083,98.206
21/08/2019,98.174,98.326,97.948,98.254
20/08/2019,98.364,98.450,98.122,98.149
19/08/2019,98.146,98.390,98.134,98.358
16/08/2019,98.133,98.339,98.109,98.144
15/08/2019,97.953,98.237,97.822,98.153
14/08/2019,97.804,98.050,97.665,97.951
13/08/2019,97.479,97.847,97.317,97.826
12/08/2019,97.552,97.738,97.319,97.384
09/08/2019,97.573,97.642,97.033,97.553
08/08/2019,97.596,97.737,97.427,97.574
07/08/2019,97.561,97.851,97.314,97.616
06/08/2019,97.249,97.772,97.208,97.582
05/08/2019,98.126,98.135,97.378,97.396
02/08/2019,98.411,98.448,98.054,98.127
01/08/2019,98.594,98.932,98.269,98.395
31/07/2019,98.030,98.683,98.005,98.568
30/07/2019,98.068,98.206,98.016,98.071
29/07/2019,97.975,98.165,97.896,98.056
26/07/2019,97.791,98.088,97.761,97.975
25/07/2019,97.686,97.920,97.495,97.789
24/07/2019,97.715,97.810,97.554,97.679
23/07/2019,97.301,97.742,97.297,97.697
22/07/2019,97.151,97.302,97.127,97.292
19/07/2019,96.824,97.292,96.756,97.152
18/07/2019,97.195,97.264,96.671,96.682
17/07/2019,97.364,97.444,97.164,97.184
16/07/2019,96.918,97.438,96.915,97.375
15/07/2019,96.806,96.969,96.749,96.923
12/07/2019,97.078,97.116,96.722,96.805
11/07/2019,97.061,97.147,96.795,97.058
10/07/2019,97.509,97.552,97.035,97.082
09/07/2019,97.384,97.588,97.357,97.499
08/07/2019,97.242,97.419,97.163,97.363
05/07/2019,96.724,97.443,96.718,97.243
04/07/2019,96.711,96.809,96.657,96.718
03/07/2019,96.732,96.872,96.592,96.759
02/07/2019,96.813,96.875,96.604,96.738
01/07/2019,96.303,96.867,96.253,96.808
28/06/2019,96.192,96.305,96.021,96.303
27/06/2019,96.175,96.389,96.138,96.214
26/06/2019,96.176,96.344,96.068,96.171
25/06/2019,96.001,96.364,95.843,96.176
24/06/2019,96.187,96.201,95.970,96.004
21/06/2019,96.616,96.711,96.093,96.187
20/06/2019,97.175,97.196,96.567,96.627
19/06/2019,97.634,97.679,97.087,97.222
18/06/2019,97.529,97.766,97.368,97.634
17/06/2019,97.509,97.603,97.341,97.527
14/06/2019,97.014,97.583,96.942,97.510
13/06/2019,96.956,97.082,96.873,97.029
12/06/2019,96.710,97.018,96.582,96.956
11/06/2019,96.747,96.884,96.642,96.710
10/06/2019,96.689,96.935,96.673,96.772
07/06/2019,97.011,97.179,96.459,96.690
06/06/2019,97.289,97.350,96.782,96.990
05/06/2019,97.117,97.370,96.749,97.302
04/06/2019,97.206,97.335,96.995,97.127
03/06/2019,97.636,97.802,97.106,97.216
31/05/2019,98.152,98.173,97.608,97.609
30/05/2019,98.134,98.281,98.088,98.171
29/05/2019,97.925,98.207,97.864,98.138
28/05/2019,97.738,97.978,97.696,97.940
27/05/2019,97.575,97.791,97.547,97.733
24/05/2019,97.831,97.906,97.546,97.575
23/05/2019,98.062,98.371,97.808,97.854
22/05/2019,98.017,98.121,97.892,98.085
21/05/2019,97.916,98.134,97.823,98.019
20/05/2019,97.968,98.036,97.881,97.929
17/05/2019,97.828,98.034,97.765,97.968
16/05/2019,97.539,97.882,97.444,97.825
15/05/2019,97.529,97.700,97.436,97.554
14/05/2019,97.319,97.556,97.271,97.516
13/05/2019,97.297,97.384,97.028,97.352
10/05/2019,97.429,97.452,97.132,97.297
09/05/2019,97.582,97.700,97.238,97.417
08/05/2019,97.574,97.677,97.418,97.595
07/05/2019,97.523,97.743,97.381,97.554
06/05/2019,97.483,97.705,97.462,97.552
03/05/2019,97.832,98.102,97.407,97.482
02/05/2019,97.627,97.851,97.514,97.832
01/05/2019,97.528,97.728,97.149,97.616
30/04/2019,97.845,97.892,97.439,97.520
29/04/2019,98.033,98.104,97.830,97.852
26/04/2019,98.120,98.330,97.851,98.033
25/04/2019,98.096,98.322,97.987,98.145
24/04/2019,97.595,98.189,97.588,98.052
23/04/2019,97.283,97.777,97.280,97.594
22/04/2019,97.382,97.403,97.258,97.283
19/04/2019,97.415,97.427,97.332,97.382
18/04/2019,97.012,97.485,96.956,97.430
17/04/2019,97.074,97.119,96.818,97.017
16/04/2019,96.928,97.091,96.883,97.051
15/04/2019,96.918,96.964,96.788,96.940
12/04/2019,97.135,97.178,96.745,96.919
11/04/2019,96.893,97.194,96.876,97.165
10/04/2019,96.993,97.216,96.852,96.913
09/04/2019,97.076,97.085,96.858,97.018
08/04/2019,97.373,97.392,96.982,97.059
05/04/2019,97.298,97.466,97.186,97.372
04/04/2019,97.036,97.338,97.019,97.294
03/04/2019,97.300,97.324,96.962,97.092
02/04/2019,97.333,97.517,97.272,97.306
01/04/2019,97.221,97.392,97.032,97.339
29/03/2019,97.196,97.341,97.005,97.221
28/03/2019,96.966,97.304,96.822,97.207
27/03/2019,96.745,96.976,96.684,96.953
26/03/2019,96.500,96.845,96.453,96.786
25/03/2019,96.640,96.681,96.411,96.515
22/03/2019,96.318,96.806,96.211,96.639
21/03/2019,95.912,96.625,95.837,96.347
20/03/2019,96.397,96.573,95.740,95.929
19/03/2019,96.510,96.524,96.291,96.411
18/03/2019,96.549,96.628,96.376,96.523
15/03/2019,96.719,96.786,96.486,96.549
14/03/2019,96.487,96.821,96.474,96.720
13/03/2019,97.008,97.021,96.385,96.491
12/03/2019,97.053,97.278,96.856,96.986
11/03/2019,97.426,97.450,96.919,96.946
08/03/2019,97.614,97.639,97.245,97.359
07/03/2019,96.831,97.710,96.815,97.598
06/03/2019,96.896,96.990,96.782,96.872
05/03/2019,96.675,97.008,96.663,96.892
04/03/2019,96.361,96.816,96.359,96.640
01/03/2019,96.222,96.551,96.070,96.360
28/02/2019,96.088,96.283,95.824,96.221
27/02/2019,96.060,96.190,95.883,96.112
26/02/2019,96.390,96.463,95.948,96.035
25/02/2019,96.501,96.604,96.319,96.413
22/02/2019,96.588,96.784,96.425,96.502
21/02/2019,96.492,96.663,96.360,96.608
20/02/2019,96.528,96.648,96.286,96.511
19/02/2019,96.812,97.085,96.426,96.529
18/02/2019,96.805,96.899,96.651,96.779
15/02/2019,97.055,97.368,96.832,96.924
14/02/2019,97.138,97.285,96.949,97.018
13/02/2019,96.730,97.263,96.630,97.203
12/02/2019,97.060,97.198,96.652,96.695
11/02/2019,96.647,97.117,96.619,97.075
08/02/2019,96.604,96.693,96.450,96.648
07/02/2019,96.393,96.673,96.378,96.567
06/02/2019,96.058,96.425,96.037,96.382
05/02/2019,95.825,96.120,95.811,96.074
04/02/2019,95.602,95.918,95.574,95.834
01/02/2019,95.554,95.657,95.400,95.602
31/01/2019,95.354,95.617,95.162,95.557
30/01/2019,95.793,95.984,95.253,95.404
29/01/2019,95.737,95.866,95.620,95.808
28/01/2019,95.766,95.919,95.638,95.757
25/01/2019,96.489,96.528,95.738,95.768
24/01/2019,96.072,96.676,96.044,96.566
23/01/2019,96.315,96.373,96.045,96.111
22/01/2019,96.336,96.484,96.217,96.299
21/01/2019,96.372,96.434,96.203,96.320
18/01/2019,96.070,96.394,96.006,96.373
17/01/2019,96.068,96.264,95.982,96.071
16/01/2019,95.940,96.176,95.857,96.076
15/01/2019,95.572,96.261,95.466,95.962
14/01/2019,95.678,95.721,95.481,95.585
11/01/2019,95.438,95.759,95.195,95.678
10/01/2019,95.156,95.616,95.029,95.551
09/01/2019,95.812,95.920,95.116,95.141
08/01/2019,95.691,96.028,95.682,95.902
07/01/2019,96.138,96.157,95.638,95.659
04/01/2019,96.276,96.612,96.046,96.137
03/01/2019,96.718,96.752,96.208,96.272
02/01/2019,96.143,96.958,95.820,96.662
01/01/2019,96.152,96.322,95.648,96.085
31/12/2018,96.396,96.511,95.995,96.024
28/12/2018,96.513,96.517,96.188,96.396
27/12/2018,96.917,96.939,96.413,96.572
26/12/2018,96.584,97.116,96.526,97.012
25/12/2018,96.556,96.960,96.472,96.581
24/12/2018,96.918,96.922,96.377,96.596
21/12/2018,96.385,97.047,96.247,96.919
20/12/2018,96.986,97.041,96.168,96.394
19/12/2018,96.910,97.100,96.554,96.970
18/12/2018,97.133,97.166,96.699,96.984
17/12/2018,97.430,97.459,97.052,97.127
14/12/2018,97.089,97.711,97.082,97.429
13/12/2018,97.044,97.292,96.878,97.093
12/12/2018,97.380,97.493,96.890,96.996
11/12/2018,97.182,97.545,96.871,97.455
10/12/2018,96.636,97.240,96.364,97.192
07/12/2018,96.804,96.921,96.511,96.638
06/12/2018,97.014,97.205,96.551,96.774
05/12/2018,97.007,97.203,96.827,96.998
04/12/2018,96.936,97.128,96.379,96.959
03/12/2018,97.092,97.144,96.713,96.947
30/11/2018,96.762,97.311,96.712,97.092
29/11/2018,96.845,97.005,96.626,96.787
28/11/2018,97.371,97.538,96.687,96.833
27/11/2018,97.032,97.497,96.973,97.365
26/11/2018,96.939,97.099,96.659,97.059
23/11/2018,96.511,96.977,96.403,96.940
22/11/2018,96.717,96.722,96.318,96.496
21/11/2018,96.821,96.869,96.496,96.714
20/11/2018,96.200,96.891,96.042,96.819
19/11/2018,96.430,96.572,96.120,96.169
16/11/2018,97.052,97.059,96.375,96.430
15/11/2018,97.006,97.389,96.767,97.103
14/11/2018,97.027,97.406,96.747,96.987
13/11/2018,97.598,97.661,96.935,96.958
12/11/2018,97.011,97.693,96.965,97.642
09/11/2018,96.632,97.056,96.623,97.012
08/11/2018,96.192,96.738,96.068,96.634
07/11/2018,95.994,96.464,95.678,96.164
06/11/2018,96.331,96.446,96.145,96.265
05/11/2018,96.397,96.677,96.249,96.315
02/11/2018,96.306,96.594,95.989,96.396
01/11/2018,97.082,97.115,96.198,96.298
31/10/2018,96.988,97.200,96.875,97.105
30/10/2018,96.662,97.020,96.621,97.006
29/10/2018,96.407,96.704,96.348,96.686
26/10/2018,96.587,96.860,96.286,96.407
25/10/2018,96.359,96.732,96.206,96.595
24/10/2018,95.917,96.531,95.909,96.363
23/10/2018,96.027,96.158,95.807,95.951
22/10/2018,95.666,96.092,95.469,96.023
19/10/2018,95.948,96.091,95.544,95.666
18/10/2018,95.659,95.994,95.486,95.985
17/10/2018,95.091,95.663,95.058,95.656
16/10/2018,95.049,95.202,94.787,95.090
15/10/2018,95.346,95.371,94.955,95.039
12/10/2018,95.040,95.371,94.954,95.346
11/10/2018,95.430,95.433,94.986,95.036
10/10/2018,95.591,95.790,95.375,95.462
09/10/2018,95.753,96.155,95.638,95.679
08/10/2018,95.615,96.030,95.593,95.752
05/10/2018,95.761,95.945,95.516,95.615
04/10/2018,96.053,96.121,95.569,95.764
03/10/2018,95.459,96.116,95.256,95.991
02/10/2018,95.297,95.744,95.263,95.483
01/10/2018,95.142,95.373,95.003,95.303
28/09/2018,95.023,95.366,94.923,95.142
27/09/2018,94.255,95.007,94.211,94.987
26/09/2018,94.170,94.400,93.954,94.283
25/09/2018,94.247,94.372,94.009,94.144
24/09/2018,94.210,94.368,93.840,94.255
21/09/2018,93.894,94.332,93.814,94.210
20/09/2018,94.550,94.563,93.829,93.897
19/09/2018,94.538,94.727,94.320,94.553
18/09/2018,94.605,94.729,94.315,94.610
17/09/2018,94.968,94.978,94.440,94.503
14/09/2018,94.548,94.998,94.359,94.968
13/09/2018,94.830,94.965,94.428,94.540
12/09/2018,95.105,95.283,94.733,94.808
11/09/2018,95.151,95.353,94.882,95.249
10/09/2018,95.393,95.564,95.028,95.151
07/09/2018,95.016,95.458,94.871,95.393
06/09/2018,95.099,95.208,94.933,95.027
05/09/2018,95.403,95.663,95.085,95.104
04/09/2018,95.138,95.737,95.138,95.414
03/09/2018,95.168,95.222,95.009,95.136
31/08/2018,94.704,95.224,94.547,95.169
30/08/2018,94.531,94.900,94.469,94.702
29/08/2018,94.727,94.932,94.527,94.529
28/08/2018,94.772,94.912,94.434,94.717
27/08/2018,95.134,95.300,94.687,94.758
24/08/2018,95.637,95.685,95.026,95.136
23/08/2018,95.172,95.709,95.150,95.666
22/08/2018,95.195,95.377,94.934,95.146
21/08/2018,95.714,95.752,95.079,95.256
20/08/2018,96.131,96.402,95.876,95.900
17/08/2018,96.629,96.664,96.095,96.101
16/08/2018,96.727,96.765,96.316,96.645
15/08/2018,96.674,96.984,96.657,96.696
14/08/2018,95.170,96.794,95.164,96.731
13/08/2018,95.186,96.522,95.158,96.391
10/08/2018,95.644,96.452,95.173,95.179
09/08/2018,95.100,95.621,95.025,95.613
08/08/2018,95.144,95.417,94.994,95.085
07/08/2018,95.342,95.368,94.994,95.186
06/08/2018,95.230,95.515,95.203,95.361
03/08/2018,95.177,95.368,94.980,95.230
02/08/2018,94.634,95.189,94.610,95.170
01/08/2018,94.556,94.710,94.491,94.659
31/07/2018,94.332,94.568,94.164,94.551
30/07/2018,94.657,94.756,94.260,94.348
27/07/2018,94.762,94.910,94.628,94.657
26/07/2018,94.161,94.795,94.084,94.777
25/07/2018,94.594,94.665,94.142,94.229
24/07/2018,94.669,94.861,94.400,94.613
23/07/2018,94.398,94.716,94.207,94.647
20/07/2018,95.133,95.280,94.363,94.400
19/07/2018,95.078,95.652,94.933,95.158
18/07/2018,95.033,95.407,94.958,95.087
17/07/2018,94.552,95.064,94.296,94.985
16/07/2018,94.746,94.774,94.408,94.511
13/07/2018,94.895,95.241,94.671,94.746
12/07/2018,94.697,94.941,94.642,94.828
11/07/2018,94.202,94.769,94.091,94.718
10/07/2018,94.055,94.475,94.018,94.154
09/07/2018,93.980,94.206,93.713,94.076
06/07/2018,94.364,94.486,93.921,93.976
05/07/2018,94.511,94.590,94.177,94.398
04/07/2018,94.521,94.712,94.397,94.535
03/07/2018,94.842,94.978,94.562,94.590
02/07/2018,94.593,95.141,94.531,94.869
29/06/2018,95.304,95.324,94.470,94.592
28/06/2018,95.274,95.531,95.090,95.316
27/06/2018,94.667,95.417,94.526,95.292
26/06/2018,94.290,94.772,94.171,94.667
25/06/2018,94.505,94.698,94.212,94.288
22/06/2018,94.859,94.880,94.434,94.505
21/06/2018,95.134,95.529,94.680,94.862
20/06/2018,94.969,95.299,94.917,95.124
19/06/2018,94.737,95.296,94.534,95.014
18/06/2018,94.875,95.048,94.703,94.760
15/06/2018,94.906,95.131,94.653,94.875
14/06/2018,93.497,94.931,93.193,94.873
13/06/2018,93.825,94.028,93.524,93.546
12/06/2018,93.666,93.911,93.468,93.821
11/06/2018,93.557,93.681,93.366,93.605
08/06/2018,93.444,93.821,93.388,93.556
07/06/2018,93.598,93.598,93.213,93.439
06/06/2018,93.878,93.891,93.422,93.614
05/06/2018,94.055,94.316,93.782,93.875
04/06/2018,94.184,94.195,93.664,94.036
01/06/2018,93.950,94.450,93.881,94.183
31/05/2018,94.070,94.247,93.717,93.977
30/05/2018,94.818,94.965,94.038,94.067
29/05/2018,94.412,95.025,94.277,94.826
28/05/2018,94.127,94.496,93.856,94.417
25/05/2018,93.799,94.298,93.751,94.127
24/05/2018,93.919,93.978,93.608,93.776
23/05/2018,93.549,94.188,93.514,93.947
22/05/2018,93.536,93.734,93.291,93.593
21/05/2018,93.851,94.058,93.512,93.540
18/05/2018,93.496,93.830,93.340,93.664
17/05/2018,93.263,93.565,93.118,93.472
16/05/2018,93.311,93.632,93.135,93.322
15/05/2018,92.651,93.457,92.607,93.284
14/05/2018,92.544,92.690,92.243,92.669
11/05/2018,92.694,92.837,92.369,92.544
10/05/2018,93.083,93.164,92.541,92.720
09/05/2018,93.067,93.416,92.841,93.123
08/05/2018,92.766,93.280,92.654,93.082
07/05/2018,92.589,92.974,92.448,92.767
04/05/2018,92.434,92.900,92.354,92.590
03/05/2018,92.724,92.763,92.345,92.435
02/05/2018,92.472,92.834,92.223,92.709
01/05/2018,91.809,92.566,91.799,92.457
30/04/2018,91.576,91.919,91.482,91.817
27/04/2018,91.581,91.986,91.491,91.524
26/04/2018,91.211,91.637,90.956,91.578
25/04/2018,90.780,91.261,90.750,91.255
24/04/2018,90.924,91.076,90.710,90.795
23/04/2018,90.364,90.985,90.320,90.929
20/04/2018,89.902,90.477,89.888,90.364
19/04/2018,89.616,89.952,89.504,89.902
18/04/2018,89.505,89.777,89.448,89.608
17/04/2018,89.413,89.666,89.229,89.481
16/04/2018,89.834,89.842,89.389,89.432
13/04/2018,89.758,89.884,89.664,89.834
12/04/2018,89.516,89.960,89.443,89.764
11/04/2018,89.583,89.670,89.355,89.511
10/04/2018,89.828,89.970,89.544,89.622
09/04/2018,90.165,90.273,89.818,89.829
06/04/2018,90.375,90.597,90.067,90.164
05/04/2018,90.088,90.594,90.071,90.449
04/04/2018,90.163,90.228,89.917,90.120
03/04/2018,90.024,90.275,89.849,90.178
02/04/2018,90.006,90.154,89.822,90.023
30/03/2018,90.098,90.118,89.878,90.006
29/03/2018,90.068,90.178,89.899,90.094
28/03/2018,89.318,90.147,89.251,90.079
27/03/2018,89.021,89.633,88.942,89.329
26/03/2018,89.435,89.516,88.979,89.074
23/03/2018,89.688,89.737,89.397,89.435
22/03/2018,89.651,89.960,89.396,89.815
21/03/2018,90.408,90.408,89.634,89.700
20/03/2018,89.877,90.445,89.846,90.415
19/03/2018,90.181,90.345,89.764,89.927
16/03/2018,90.138,90.378,89.891,90.181
15/03/2018,89.753,90.166,89.620,90.125
14/03/2018,89.698,89.891,89.561,89.784
13/03/2018,89.914,90.112,89.591,89.684
12/03/2018,90.115,90.187,89.840,89.929
09/03/2018,90.200,90.357,89.998,90.115
08/03/2018,89.592,90.232,89.442,90.119
07/03/2018,89.508,89.779,89.407,89.593
06/03/2018,89.962,90.061,89.425,89.430
05/03/2018,90.023,90.216,89.865,90.000
02/03/2018,90.246,90.293,89.833,90.024
01/03/2018,90.667,90.932,90.207,90.243
28/02/2018,90.414,90.698,90.308,90.655
27/02/2018,89.804,90.498,89.693,90.364
26/02/2018,89.967,90.050,89.503,89.877
23/02/2018,89.778,90.059,89.757,89.967
22/02/2018,90.159,90.235,89.635,89.716
21/02/2018,89.713,90.155,89.588,90.124
20/02/2018,89.240,89.802,89.217,89.728
19/02/2018,89.070,89.442,88.955,89.187
16/02/2018,88.567,89.226,88.253,89.070
15/02/2018,88.957,89.004,88.544,88.618
14/02/2018,89.707,90.124,88.944,89.007
13/02/2018,90.093,90.177,89.609,89.733
12/02/2018,90.383,90.432,90.073,90.109
09/02/2018,90.248,90.563,90.119,90.384
08/02/2018,90.267,90.567,90.013,90.278
07/02/2018,89.634,90.400,89.468,90.340
06/02/2018,89.657,90.034,89.373,89.674
05/02/2018,89.228,89.699,89.021,89.628
02/02/2018,88.639,89.425,88.591,89.228
01/02/2018,89.036,89.328,88.555,88.653
31/01/2018,89.100,89.296,88.780,89.106
30/01/2018,89.365,89.637,88.912,89.186
29/01/2018,89.074,89.619,89.007,89.347
26/01/2018,89.404,89.404,88.723,89.075
25/01/2018,89.322,89.580,88.438,89.455
24/01/2018,90.003,90.113,89.158,89.241
23/01/2018,90.389,90.588,90.063,90.104
22/01/2018,90.505,90.698,90.347,90.389
19/01/2018,90.495,90.704,90.155,90.505
18/01/2018,90.781,90.983,90.408,90.483
17/01/2018,90.395,91.004,90.113,90.978
16/01/2018,90.443,90.826,90.337,90.465
15/01/2018,90.888,90.942,90.279,90.460
12/01/2018,91.848,91.879,90.825,90.885
11/01/2018,92.330,92.546,91.787,91.898
10/01/2018,92.569,92.569,91.922,92.354
09/01/2018,92.342,92.640,92.213,92.513
08/01/2018,91.984,92.396,91.882,92.343
05/01/2018,91.868,92.100,91.775,91.983
04/01/2018,92.215,92.261,91.798,91.864
03/01/2018,91.823,92.261,91.805,92.182
02/01/2018,92.240,92.246,91.751,91.847
01/01/2018,92.288,92.324,92.183,92.223
29/12/2017,92.668,92.669,92.080,92.282
28/12/2017,93.002,93.023,92.573,92.673
27/12/2017,93.296,93.309,92.956,93.004
26/12/2017,93.253,93.402,93.204,93.300
25/12/2017,93.365,93.398,93.200,93.268
22/12/2017,93.371,93.555,93.306,93.362
21/12/2017,93.309,93.500,93.235,93.300
20/12/2017,93.497,93.535,93.163,93.351
19/12/2017,93.706,93.760,93.428,93.451
18/12/2017,93.995,94.026,93.383,93.699
15/12/2017,93.647,94.006,93.410,93.993
14/12/2017,93.409,93.759,93.282,93.689
13/12/2017,94.060,94.107,93.395,93.459
12/12/2017,93.911,94.219,93.759,94.096
11/12/2017,93.905,93.983,93.666,93.933
08/12/2017,93.786,94.087,93.770,93.904
07/12/2017,93.537,93.800,93.527,93.754
06/12/2017,93.313,93.650,93.171,93.524
05/12/2017,93.085,93.488,93.035,93.316
04/12/2017,93.100,93.355,93.066,93.087
01/12/2017,93.026,93.248,92.604,93.098
30/11/2017,93.259,93.505,92.729,93.068
29/11/2017,93.218,93.435,92.992,93.259
28/11/2017,92.888,93.336,92.827,93.214
27/11/2017,92.795,92.980,92.496,92.900
24/11/2017,93.125,93.249,92.675,92.796
23/11/2017,93.303,93.305,93.070,93.118
22/11/2017,93.930,93.962,93.212,93.252
21/11/2017,94.038,94.165,93.878,93.978
20/11/2017,93.977,94.104,93.575,94.056
17/11/2017,93.872,94.029,93.508,93.978
16/11/2017,93.837,93.998,93.772,93.914
15/11/2017,93.861,93.930,93.402,93.894
14/11/2017,94.517,94.542,93.746,93.834
13/11/2017,94.477,94.641,94.401,94.519
10/11/2017,94.497,94.650,94.258,94.475
09/11/2017,94.880,94.959,94.415,94.530
08/11/2017,94.800,94.965,94.780,94.881
07/11/2017,94.723,95.149,94.700,94.845
06/11/2017,94.931,95.077,94.688,94.742
03/11/2017,94.731,95.015,94.408,94.932
02/11/2017,94.797,94.802,94.411,94.717
01/11/2017,94.553,94.854,94.512,94.785
31/10/2017,94.536,94.703,94.454,94.542
30/10/2017,94.888,94.919,94.437,94.520
27/10/2017,94.717,95.150,94.712,94.904
26/10/2017,93.631,94.717,93.477,94.643
25/10/2017,93.938,94.008,93.608,93.632
24/10/2017,93.834,93.992,93.682,93.936
23/10/2017,93.785,94.017,93.679,93.855
20/10/2017,93.164,93.814,93.122,93.786
19/10/2017,93.420,93.550,93.055,93.155
18/10/2017,93.481,93.797,93.359,93.415
17/10/2017,93.315,93.729,93.281,93.512
16/10/2017,93.148,93.357,93.076,93.274
13/10/2017,93.087,93.239,92.749,93.145
12/10/2017,92.953,93.228,92.797,93.098
11/10/2017,93.255,93.369,92.898,92.957
10/10/2017,93.734,93.739,93.137,93.260
09/10/2017,93.749,93.844,93.623,93.721
06/10/2017,93.919,94.267,93.706,93.748
05/10/2017,93.483,93.990,93.410,93.920
04/10/2017,93.592,93.612,93.259,93.488
03/10/2017,93.598,93.920,93.431,93.621
02/10/2017,93.116,93.658,93.102,93.630
29/09/2017,93.166,93.265,92.949,93.115
28/09/2017,93.466,93.666,93.073,93.130
27/09/2017,93.041,93.607,93.005,93.450
26/09/2017,92.600,93.286,92.547,93.009
25/09/2017,92.319,92.724,92.206,92.661
22/09/2017,92.184,92.396,91.781,92.320
21/09/2017,92.473,92.657,92.101,92.186
20/09/2017,91.829,92.697,91.526,92.444
19/09/2017,91.984,92.049,91.747,91.841
18/09/2017,91.858,92.210,91.799,92.024
15/09/2017,92.004,92.166,91.577,91.857
14/09/2017,92.353,92.661,91.975,92.058
13/09/2017,91.884,92.530,91.710,92.406
12/09/2017,91.863,92.080,91.769,91.895
11/09/2017,91.491,91.985,91.415,91.898
08/09/2017,91.489,91.525,91.011,91.492
07/09/2017,92.203,92.253,91.405,91.538
06/09/2017,92.238,92.375,91.988,92.217
05/09/2017,92.601,92.727,92.183,92.286
04/09/2017,92.660,92.697,92.445,92.599
01/09/2017,92.609,92.926,92.100,92.665
31/08/2017,92.851,93.347,92.561,92.567
30/08/2017,92.295,92.946,92.251,92.851
29/08/2017,92.219,92.475,91.621,92.328
28/08/2017,92.366,92.550,92.168,92.196
25/08/2017,93.268,93.440,92.361,92.364
24/08/2017,93.162,93.378,93.129,93.289
23/08/2017,93.508,93.628,93.126,93.197
22/08/2017,93.136,93.577,93.061,93.489
21/08/2017,93.471,93.582,92.997,93.086
18/08/2017,93.686,93.774,93.331,93.473
17/08/2017,93.443,94.080,93.312,93.670
16/08/2017,93.835,94.145,93.468,93.471
15/08/2017,93.458,94.139,93.435,93.829
14/08/2017,93.096,93.495,93.048,93.462
11/08/2017,93.429,93.507,92.934,93.093
10/08/2017,93.501,93.805,93.316,93.415
09/08/2017,93.557,93.888,93.488,93.499
08/08/2017,93.445,93.876,93.238,93.607
07/08/2017,93.399,93.541,93.302,93.428
04/08/2017,92.759,93.774,92.696,93.393
03/08/2017,92.900,93.038,92.679,92.794
02/08/2017,93.064,93.160,92.548,92.892
01/08/2017,92.893,93.118,92.777,93.034
31/07/2017,93.327,93.535,92.784,92.847
28/07/2017,93.867,93.946,93.256,93.326
27/07/2017,93.459,94.103,93.152,93.912
26/07/2017,94.087,94.285,93.370,93.400
25/07/2017,94.027,94.123,93.638,94.087
24/07/2017,93.930,94.122,93.823,94.038
21/07/2017,94.295,94.357,93.854,93.931
20/07/2017,94.772,95.167,94.090,94.243
19/07/2017,94.688,94.894,94.643,94.796
18/07/2017,95.156,95.191,94.476,94.675
17/07/2017,95.126,95.348,95.021,95.150
14/07/2017,95.796,95.834,95.079,95.127
13/07/2017,95.780,95.922,95.464,95.757
12/07/2017,95.707,95.980,95.511,95.759
11/07/2017,96.071,96.205,95.651,95.758
10/07/2017,96.026,96.202,95.954,96.063
07/07/2017,95.801,96.152,95.751,96.028
06/07/2017,96.192,96.344,95.785,95.805
05/07/2017,96.191,96.512,96.068,96.194
04/07/2017,96.164,96.333,96.045,96.258
03/07/2017,95.633,96.239,95.616,96.197
30/06/2017,95.538,95.828,95.470,95.634
29/06/2017,96.037,96.047,95.531,95.562
28/06/2017,96.671,96.702,95.967,96.042
27/06/2017,97.430,97.447,96.522,96.668
26/06/2017,97.253,97.467,97.114,97.415
23/06/2017,97.562,97.584,97.177,97.250
22/06/2017,97.545,97.646,97.431,97.537
21/06/2017,97.729,97.802,97.516,97.556
20/06/2017,97.535,97.871,97.432,97.749
19/06/2017,97.116,97.575,97.045,97.518
16/06/2017,97.476,97.560,97.097,97.117
15/06/2017,96.926,97.557,96.841,97.465
14/06/2017,97.005,97.125,96.323,96.955
13/06/2017,97.172,97.283,96.949,97.000
12/06/2017,97.240,97.323,97.043,97.158
09/06/2017,97.176,97.500,97.145,97.242
08/06/2017,96.705,97.229,96.594,97.209
07/06/2017,96.544,96.982,96.511,96.694
06/06/2017,96.793,96.804,96.517,96.528
05/06/2017,96.744,96.968,96.697,96.799
02/06/2017,97.188,97.310,96.654,96.746
01/06/2017,96.986,97.319,96.903,97.202
31/05/2017,97.429,97.495,96.858,96.983
30/05/2017,97.634,97.776,97.223,97.401
29/05/2017,97.400,97.614,97.326,97.589
26/05/2017,97.230,97.548,97.036,97.401
25/05/2017,97.073,97.284,96.880,97.195
24/05/2017,97.341,97.465,97.025,97.103
23/05/2017,96.948,97.419,96.802,97.340
22/05/2017,97.145,97.441,96.797,96.990
19/05/2017,97.850,97.852,97.080,97.144
18/05/2017,97.435,98.073,97.371,97.880
17/05/2017,98.091,98.137,97.333,97.392
16/05/2017,98.878,98.900,98.080,98.188
15/05/2017,99.205,99.262,98.787,98.880
12/05/2017,99.632,99.696,99.148,99.202
11/05/2017,99.660,99.888,99.486,99.648
10/05/2017,99.476,99.724,99.365,99.630
09/05/2017,99.137,99.688,99.079,99.536
08/05/2017,98.668,99.176,98.599,99.157
05/05/2017,98.771,98.975,98.496,98.669
04/05/2017,99.348,99.462,98.709,98.780
03/05/2017,98.920,99.394,98.891,99.381
02/05/2017,99.069,99.224,98.917,98.953
01/05/2017,99.010,99.208,98.886,99.133
28/04/2017,99.174,99.248,98.716,99.007
27/04/2017,98.953,99.331,98.814,99.154
26/04/2017,98.847,99.332,98.728,98.982
25/04/2017,99.052,99.215,98.695,98.835
24/04/2017,98.954,99.326,98.884,99.042
21/04/2017,99.834,100.030,98.835,98.953
20/04/2017,99.783,99.850,99.374,99.837
19/04/2017,99.507,99.893,99.463,99.805
18/04/2017,100.340,100.400,99.465,99.504
17/04/2017,100.530,100.550,100.000,100.300
14/04/2017,100.580,100.610,100.360,100.520
13/04/2017,100.160,100.600,100.010,100.580
12/04/2017,100.730,100.820,100.090,100.180
11/04/2017,100.970,101.080,100.580,100.710
10/04/2017,101.240,101.340,100.940,101.010
07/04/2017,100.730,101.260,100.520,101.250
06/04/2017,100.500,100.770,100.380,100.720
05/04/2017,100.520,100.850,100.410,100.520
04/04/2017,100.490,100.730,100.420,100.490
03/04/2017,100.440,100.690,100.370,100.490
31/03/2017,100.490,100.650,100.250,100.430
30/03/2017,99.962,100.600,99.925,100.510
29/03/2017,99.704,100.130,99.666,99.927
28/03/2017,99.223,99.794,99.115,99.676
27/03/2017,99.397,99.398,98.858,99.225
24/03/2017,99.771,100.000,99.385,99.396
23/03/2017,99.747,99.868,99.631,99.764
22/03/2017,99.693,99.928,99.547,99.724
21/03/2017,100.370,100.470,99.660,99.753
20/03/2017,100.300,100.450,100.020,100.360
17/03/2017,100.240,100.470,100.140,100.290
16/03/2017,100.560,100.750,100.210,100.230
15/03/2017,101.710,101.720,100.490,100.540
14/03/2017,101.400,101.790,101.340,101.740
13/03/2017,101.320,101.390,101.010,101.370
10/03/2017,101.970,101.980,101.170,101.310
09/03/2017,102.110,102.250,101.700,102.030
08/03/2017,101.790,102.190,101.710,102.120
07/03/2017,101.650,101.910,101.530,101.820
06/03/2017,101.360,101.750,101.220,101.700
03/03/2017,102.130,102.170,101.340,101.370
02/03/2017,101.920,102.260,101.780,102.150
01/03/2017,101.430,101.970,101.230,101.770
28/02/2017,101.210,101.400,100.780,101.360
27/02/2017,101.260,101.280,100.690,101.170
24/02/2017,100.950,101.250,100.660,101.250
23/02/2017,101.380,101.440,100.870,100.980
22/02/2017,101.400,101.720,101.170,101.330
21/02/2017,100.930,101.600,100.910,101.440
20/02/2017,100.750,100.980,100.740,100.900
17/02/2017,100.520,100.960,100.450,100.760
16/02/2017,101.050,101.070,100.410,100.500
15/02/2017,101.220,101.760,101.000,101.090
14/02/2017,100.980,101.380,100.700,101.230
13/02/2017,100.950,101.110,100.580,101.020
10/02/2017,100.670,101.010,100.580,100.940
09/02/2017,100.220,100.680,100.080,100.670
08/02/2017,100.440,100.640,100.060,100.180
07/02/2017,99.934,100.720,99.927,100.400
06/02/2017,99.752,100.250,99.632,99.898
03/02/2017,99.793,100.260,99.563,99.751
02/02/2017,99.757,99.873,99.233,99.818
01/02/2017,99.559,100.040,99.502,99.747
31/01/2017,100.330,100.510,99.430,99.550
30/01/2017,100.350,101.020,100.170,100.370
27/01/2017,100.490,100.820,100.320,100.360
26/01/2017,99.910,100.730,99.793,100.530
25/01/2017,100.310,100.410,99.835,99.922
24/01/2017,100.080,100.430,99.922,100.270
23/01/2017,100.690,100.690,99.899,99.928
20/01/2017,101.170,101.500,100.640,100.700
19/01/2017,101.350,101.730,100.970,101.170
18/01/2017,100.430,101.340,100.320,101.290
17/01/2017,101.540,101.620,100.260,100.300
16/01/2017,101.410,101.730,101.320,101.570
13/01/2017,101.510,101.670,101.010,101.400
12/01/2017,101.670,101.800,100.720,101.450
11/01/2017,102.070,102.950,101.280,101.730
10/01/2017,101.850,102.100,101.510,102.040
09/01/2017,102.240,102.520,101.800,101.840
06/01/2017,101.400,102.290,101.400,102.250
05/01/2017,102.450,102.510,101.300,101.400
04/01/2017,103.170,103.440,102.390,102.520
03/01/2017,102.880,103.820,102.590,103.210
02/01/2017,102.270,102.940,102.240,102.800
30/12/2016,102.130,102.590,101.910,102.280
29/12/2016,103.210,103.210,102.600,102.650
28/12/2016,103.020,103.630,102.870,103.220
27/12/2016,102.970,103.150,102.950,103.040
26/12/2016,102.960,103.020,102.830,102.960
23/12/2016,103.080,103.230,102.880,102.920
22/12/2016,103.050,103.140,102.590,103.090
21/12/2016,103.260,103.380,102.770,103.060
20/12/2016,103.150,103.650,103.030,103.250
19/12/2016,102.810,103.210,102.520,103.130
16/12/2016,103.160,103.270,102.620,102.800
15/12/2016,102.230,103.560,102.160,103.100
14/12/2016,101.040,102.350,100.730,102.200
13/12/2016,100.890,101.160,100.750,101.060
12/12/2016,101.620,101.780,100.840,100.920
09/12/2016,101.060,101.740,101.010,101.640
08/12/2016,100.190,101.250,99.430,101.090
07/12/2016,100.490,100.600,100.130,100.180
06/12/2016,100.130,100.580,99.984,100.490
05/12/2016,101.560,101.560,99.850,100.140
02/12/2016,100.880,101.720,100.620,101.550
01/12/2016,101.520,101.560,100.870,100.950
30/11/2016,100.850,101.830,100.840,101.530
29/11/2016,101.180,101.640,100.860,100.990
28/11/2016,101.390,101.600,100.640,101.390
25/11/2016,101.840,101.920,101.210,101.500
24/11/2016,101.820,102.050,101.430,101.690
23/11/2016,100.950,101.910,100.890,101.710
22/11/2016,100.770,101.320,100.650,101.000
21/11/2016,101.420,101.430,100.740,100.880
18/11/2016,100.970,101.480,100.830,101.430
17/11/2016,100.260,101.010,99.960,100.950
16/11/2016,100.180,100.570,99.898,100.300
15/11/2016,99.796,100.260,99.450,100.140
14/11/2016,99.204,100.220,99.200,99.965
11/11/2016,98.849,99.204,98.539,99.201
10/11/2016,98.608,99.081,98.311,98.857
09/11/2016,97.680,98.704,95.885,98.616
08/11/2016,97.742,97.995,97.554,97.968
07/11/2016,97.337,97.866,97.224,97.742
04/11/2016,97.171,97.397,96.894,97.340
03/11/2016,97.373,97.456,97.041,97.138
02/11/2016,97.753,97.804,97.178,97.379
01/11/2016,98.386,98.483,97.640,97.735
31/10/2016,98.336,98.698,98.279,98.356
28/10/2016,98.924,98.951,98.242,98.327
27/10/2016,98.622,99.026,98.503,98.934
26/10/2016,98.696,98.844,98.335,98.618
25/10/2016,98.770,99.119,98.607,98.734
24/10/2016,98.662,98.846,98.537,98.751
21/10/2016,98.317,98.813,98.301,98.661
20/10/2016,97.846,98.404,97.656,98.329
19/10/2016,97.895,97.965,97.634,97.853
18/10/2016,97.867,97.964,97.608,97.877
17/10/2016,98.135,98.169,97.812,97.883
14/10/2016,97.535,98.149,97.510,98.131
13/10/2016,97.991,98.129,97.499,97.553
12/10/2016,97.543,98.043,97.415,97.979
11/10/2016,96.906,97.758,96.885,97.703
10/10/2016,96.527,96.973,96.458,96.888
07/10/2016,97.120,97.188,96.401,96.476
06/10/2016,96.144,96.769,96.096,96.687
05/10/2016,96.103,96.314,95.957,96.168
04/10/2016,95.728,96.442,95.724,96.141
03/10/2016,95.510,95.802,95.462,95.745
30/09/2016,95.507,95.960,95.342,95.508
29/09/2016,95.369,95.681,95.332,95.528
28/09/2016,95.452,95.739,95.365,95.430
27/09/2016,95.324,95.669,95.241,95.467
26/09/2016,95.452,95.531,95.128,95.303
23/09/2016,95.364,95.683,95.340,95.455
22/09/2016,95.505,95.532,95.048,95.372
21/09/2016,96.001,96.333,95.445,95.495
20/09/2016,95.830,96.042,95.597,96.000
19/09/2016,96.028,96.055,95.645,95.868
16/09/2016,95.231,96.108,95.219,96.030
15/09/2016,95.333,95.563,95.083,95.275
14/09/2016,95.555,95.662,95.198,95.338
13/09/2016,95.116,95.672,95.075,95.578
12/09/2016,95.308,95.447,94.935,95.152
09/09/2016,94.939,95.579,94.803,95.309
08/09/2016,94.960,95.142,94.465,94.991
07/09/2016,94.895,95.061,94.690,94.963
06/09/2016,95.794,95.861,94.767,94.864
05/09/2016,95.882,95.897,95.552,95.772
02/09/2016,95.667,95.958,95.189,95.881
01/09/2016,95.982,96.239,95.595,95.652
31/08/2016,96.011,96.255,95.902,95.992
30/08/2016,95.585,96.143,95.523,96.053
29/08/2016,95.501,95.834,95.479,95.567
26/08/2016,95.517,95.547,95.495,95.503
25/08/2016,94.777,94.830,94.591,94.717
24/08/2016,94.551,94.909,94.505,94.772
23/08/2016,94.554,94.588,94.214,94.530
22/08/2016,94.584,94.958,94.443,94.534
19/08/2016,94.597,94.617,94.578,94.585
18/08/2016,94.704,94.711,94.077,94.153
17/08/2016,94.803,95.102,94.510,94.724
16/08/2016,95.609,95.661,94.426,94.778
15/08/2016,95.743,95.801,95.468,95.602
12/08/2016,95.709,95.746,95.705,95.741
11/08/2016,95.583,95.973,95.505,95.914
10/08/2016,96.125,96.188,95.442,95.569
09/08/2016,96.385,96.524,96.077,96.130
08/08/2016,96.273,96.474,96.149,96.377
05/08/2016,96.277,96.306,96.256,96.274
04/08/2016,95.541,95.904,95.424,95.786
03/08/2016,95.134,95.609,95.122,95.551
02/08/2016,95.824,95.846,95.003,95.105
01/08/2016,95.649,95.824,95.537,95.784
29/07/2016,95.611,95.677,95.586,95.651
28/07/2016,96.726,96.771,96.287,96.659
27/07/2016,97.142,97.530,96.670,96.786
26/07/2016,97.287,97.316,96.853,97.171
25/07/2016,97.395,97.569,97.219,97.259
22/07/2016,97.383,97.403,97.377,97.397
21/07/2016,97.133,97.206,96.733,96.966
20/07/2016,97.080,97.323,96.989,97.142
19/07/2016,96.551,97.148,96.522,97.052
18/07/2016,96.571,96.713,96.466,96.548
15/07/2016,96.587,96.607,96.560,96.573
14/07/2016,96.266,96.368,95.831,96.100
13/07/2016,96.513,96.598,96.093,96.305
12/07/2016,96.542,96.644,96.070,96.507
11/07/2016,96.320,96.793,96.274,96.554
08/07/2016,96.348,96.373,96.302,96.319
07/07/2016,96.132,96.338,95.920,96.254
06/07/2016,96.251,96.496,95.977,96.098
05/07/2016,95.541,96.254,95.336,96.206
04/07/2016,95.692,95.926,95.432,95.514
01/07/2016,95.697,95.710,95.688,95.694
30/06/2016,95.665,96.417,95.443,95.963
29/06/2016,96.037,96.200,95.592,95.649
28/06/2016,96.414,96.421,95.769,96.063
27/06/2016,95.854,96.705,95.807,96.366
24/06/2016,95.902,95.971,95.855,95.855
23/06/2016,93.503,93.614,93.019,93.211
22/06/2016,94.046,94.123,93.421,93.558
21/06/2016,93.611,94.135,93.425,94.073
20/06/2016,93.812,93.829,93.449,93.648
17/06/2016,93.916,93.939,93.807,93.815
16/06/2016,94.599,95.318,94.205,94.608
15/06/2016,94.914,95.043,94.360,94.605
14/06/2016,94.361,95.025,94.324,94.932
13/06/2016,94.677,94.750,94.243,94.389
10/06/2016,94.669,94.681,94.629,94.681
09/06/2016,93.549,94.130,93.433,94.066
08/06/2016,93.855,93.900,93.425,93.547
07/06/2016,94.017,94.094,93.754,93.855
06/06/2016,94.085,94.274,93.745,94.027
03/06/2016,94.046,94.107,94.010,94.090
02/06/2016,95.432,95.609,95.153,95.545
01/06/2016,95.813,95.901,95.344,95.419
31/05/2016,95.657,95.895,95.463,95.798
30/05/2016,95.807,95.968,95.628,95.703
27/05/2016,95.776,95.828,95.772,95.810
26/05/2016,95.420,95.472,94.938,95.139
25/05/2016,95.626,95.678,95.330,95.407
24/05/2016,95.266,95.660,95.202,95.590
23/05/2016,95.326,95.477,95.104,95.245
20/05/2016,95.289,95.461,95.174,95.270
19/05/2016,95.148,95.502,95.121,95.306
18/05/2016,94.582,95.270,94.528,95.189
17/05/2016,94.574,94.708,94.329,94.571
16/05/2016,94.569,94.682,94.398,94.557
13/05/2016,94.563,94.586,94.558,94.568
12/05/2016,93.850,94.191,93.799,94.163
11/05/2016,94.259,94.265,93.684,93.833
10/05/2016,94.133,94.356,94.031,94.265
09/05/2016,93.875,94.204,93.803,94.156
06/05/2016,93.735,93.962,93.277,93.830
05/05/2016,93.214,93.862,93.170,93.761
04/05/2016,92.983,93.361,92.850,93.270
03/05/2016,92.602,93.109,91.919,93.062
02/05/2016,93.065,93.073,92.537,92.586
29/04/2016,93.804,93.846,93.007,93.018
28/04/2016,94.387,94.582,93.685,93.764
27/04/2016,94.529,94.802,94.148,94.392
26/04/2016,94.788,94.811,94.205,94.508
25/04/2016,95.110,95.111,94.679,94.795
22/04/2016,94.630,95.196,94.468,95.116
21/04/2016,94.535,94.700,93.923,94.651
20/04/2016,94.137,94.593,93.936,94.548
19/04/2016,94.490,94.546,93.926,94.119
18/04/2016,94.740,94.827,94.384,94.462
15/04/2016,94.692,94.766,94.687,94.748
14/04/2016,94.809,95.200,94.676,94.944
13/04/2016,94.053,94.853,94.002,94.783
12/04/2016,93.959,94.393,93.627,94.052
11/04/2016,94.178,94.341,93.748,94.006
08/04/2016,94.184,94.199,94.173,94.180
07/04/2016,94.481,94.666,94.015,94.514
06/04/2016,94.596,95.066,94.239,94.500
05/04/2016,94.585,94.977,94.476,94.616
04/04/2016,94.626,94.829,94.407,94.564
01/04/2016,94.634,94.646,94.604,94.625
31/03/2016,94.837,95.031,94.319,94.630
30/03/2016,95.210,95.228,94.588,94.829
29/03/2016,95.956,96.222,95.089,95.181
28/03/2016,96.330,96.399,95.836,95.966
25/03/2016,96.320,96.336,96.313,96.331
24/03/2016,96.071,96.364,96.041,96.129
23/03/2016,95.637,96.230,95.593,96.041
22/03/2016,95.428,95.747,95.257,95.673
21/03/2016,95.054,95.414,95.002,95.399
18/03/2016,94.771,95.168,94.578,95.063
17/03/2016,95.746,95.826,94.650,94.770
16/03/2016,96.667,97.064,95.539,95.742
15/03/2016,96.603,96.869,96.466,96.658
14/03/2016,96.149,96.713,96.089,96.573
11/03/2016,96.149,96.157,96.134,96.151
10/03/2016,97.232,98.422,95.939,96.066
09/03/2016,97.217,97.569,96.931,97.173
08/03/2016,97.108,97.269,96.887,97.209
07/03/2016,97.324,97.701,97.038,97.112
04/03/2016,97.343,97.359,97.312,97.323
03/03/2016,98.199,98.350,97.460,97.592
02/03/2016,98.261,98.582,98.121,98.214
01/03/2016,98.182,98.570,98.092,98.352
29/02/2016,98.120,98.373,97.796,98.148
26/02/2016,98.160,98.171,98.114,98.114
25/02/2016,97.486,97.721,97.223,97.287
24/02/2016,97.472,97.916,97.230,97.458
23/02/2016,97.359,97.578,97.136,97.481
22/02/2016,96.739,97.600,96.738,97.367
19/02/2016,96.777,96.783,96.735,96.735
18/02/2016,96.893,97.087,96.688,96.951
17/02/2016,96.939,97.100,96.626,96.786
16/02/2016,96.578,96.990,96.382,96.868
15/02/2016,96.153,96.884,96.038,96.629
12/02/2016,96.173,96.212,96.133,96.152
11/02/2016,95.889,95.889,95.236,95.562
10/02/2016,96.060,96.720,95.756,95.888
09/02/2016,96.726,96.825,95.663,96.071
08/02/2016,97.051,97.476,96.542,96.687
05/02/2016,97.048,97.062,97.035,97.053
04/02/2016,97.290,97.465,96.259,96.474
03/02/2016,98.829,98.938,96.885,97.288
02/02/2016,98.991,99.086,98.751,98.872
01/02/2016,99.563,99.619,98.930,99.049
29/01/2016,99.646,99.652,99.547,99.562
28/01/2016,98.884,99.105,98.425,98.510
27/01/2016,99.024,99.163,98.711,98.902
26/01/2016,99.296,99.455,98.996,99.360
25/01/2016,99.494,99.547,99.231,99.275
22/01/2016,99.555,99.562,99.483,99.493
21/01/2016,99.192,99.799,98.909,99.056
20/01/2016,99.023,99.185,98.626,99.091
19/01/2016,99.124,99.310,98.864,98.991
18/01/2016,98.916,99.200,98.884,99.105
15/01/2016,98.898,98.932,98.896,98.922
14/01/2016,98.820,99.257,98.590,99.089
13/01/2016,99.033,99.333,98.861,98.933
12/01/2016,98.796,99.276,98.573,98.974
11/01/2016,98.365,98.895,98.252,98.822
08/01/2016,98.275,98.382,98.256,98.368
07/01/2016,99.211,99.297,98.169,98.219
06/01/2016,99.390,99.577,99.108,99.181
05/01/2016,98.872,99.634,98.747,99.404
04/01/2016,98.708,99.182,98.049,98.846
01/01/2016,98.726,98.747,98.699,98.711
31/12/2015,98.218,98.778,98.178,98.631
30/12/2015,98.207,98.409,98.113,98.266
29/12/2015,97.903,98.413,97.799,98.101
28/12/2015,97.948,98.032,97.811,97.944
25/12/2015,97.882,97.957,97.872,97.957
24/12/2015,98.331,98.352,97.864,97.984
23/12/2015,98.214,98.604,98.185,98.341
22/12/2015,98.457,98.508,98.000,98.235
21/12/2015,98.737,98.838,98.294,98.468
18/12/2015,98.703,98.736,98.668,98.731
17/12/2015,98.555,99.294,98.531,99.270
16/12/2015,98.189,98.601,97.655,97.871
15/12/2015,97.643,98.292,97.190,98.217
14/12/2015,97.672,97.932,97.275,97.593
11/12/2015,97.669,97.701,97.611,97.667
10/12/2015,97.407,97.988,97.360,97.939
09/12/2015,98.446,98.521,97.223,97.345
08/12/2015,98.732,98.763,98.332,98.474
07/12/2015,98.324,98.903,98.303,98.741
04/12/2015,98.296,98.326,98.266,98.321
03/12/2015,100.010,100.470,97.591,97.621
02/12/2015,99.832,100.510,99.803,99.993
01/12/2015,100.230,100.250,99.719,99.795
30/11/2015,100.110,100.310,100.050,100.190
27/11/2015,100.090,100.140,100.080,100.100
26/11/2015,99.739,99.907,99.714,99.795
25/11/2015,99.563,100.170,99.312,99.795
24/11/2015,99.678,99.785,99.466,99.527
23/11/2015,99.664,100.000,99.531,99.744
20/11/2015,99.680,99.681,99.661,99.667
19/11/2015,99.413,99.452,98.735,98.989
18/11/2015,99.650,99.853,99.311,99.652
17/11/2015,99.397,99.745,99.358,99.631
16/11/2015,99.064,99.460,98.868,99.375
13/11/2015,99.162,99.195,99.052,99.059
12/11/2015,98.823,99.288,98.432,98.649
11/11/2015,99.098,99.238,98.778,99.013
10/11/2015,99.008,99.504,98.951,99.293
09/11/2015,99.207,99.261,98.818,98.973
06/11/2015,99.242,99.247,99.196,99.209
05/11/2015,97.937,98.135,97.751,97.936
04/11/2015,97.196,98.054,97.174,97.950
03/11/2015,96.898,97.464,96.770,97.158
02/11/2015,96.785,96.965,96.635,96.924
30/10/2015,97.282,97.353,96.577,96.946
29/10/2015,97.782,97.782,97.190,97.782
28/10/2015,96.906,97.818,96.466,96.906
27/10/2015,96.787,96.969,96.583,96.899
26/10/2015,97.041,97.079,96.680,96.818
23/10/2015,97.073,97.090,97.020,97.042
22/10/2015,95.035,96.537,94.943,95.035
21/10/2015,94.848,95.077,94.722,94.913
20/10/2015,94.930,94.953,94.594,94.928
19/10/2015,94.687,95.000,94.552,94.918
16/10/2015,94.678,94.711,94.675,94.685
15/10/2015,93.951,94.589,93.806,93.931
14/10/2015,94.762,94.785,93.845,94.759
13/10/2015,94.897,94.982,94.539,94.841
12/10/2015,94.860,94.903,94.619,94.876
09/10/2015,94.846,94.871,94.827,94.856
08/10/2015,95.567,95.614,94.984,95.497
07/10/2015,95.472,95.698,95.327,95.455
06/10/2015,96.052,96.164,95.398,96.106
05/10/2015,95.919,96.169,95.451,96.080
02/10/2015,95.897,95.923,95.881,95.917
01/10/2015,96.267,96.490,95.966,96.101
30/09/2015,95.915,96.413,95.852,96.282
29/09/2015,96.021,96.237,95.708,95.895
28/09/2015,96.238,96.501,95.901,96.011
25/09/2015,96.235,96.260,96.221,96.236
24/09/2015,96.235,96.332,95.458,96.304
23/09/2015,96.307,96.548,96.024,96.197
22/09/2015,95.923,96.404,95.759,96.320
21/09/2015,95.257,95.978,95.039,95.934
18/09/2015,95.271,95.272,95.227,95.258
17/09/2015,95.321,95.387,94.360,94.536
16/09/2015,95.584,95.845,95.161,95.325
15/09/2015,95.299,95.677,95.125,95.593
14/09/2015,95.145,95.452,94.913,95.282
11/09/2015,95.092,95.152,95.089,95.143
10/09/2015,95.917,96.195,95.396,95.502
09/09/2015,95.855,96.410,95.803,95.946
08/09/2015,96.144,96.244,95.729,95.859
07/09/2015,96.238,96.424,96.037,96.126
04/09/2015,96.258,96.286,96.237,96.237
03/09/2015,95.937,96.616,95.787,96.407
02/09/2015,95.413,95.984,95.401,95.974
01/09/2015,95.922,95.949,95.190,95.375
31/08/2015,95.989,96.245,95.622,95.926
28/08/2015,95.988,96.016,95.958,95.988
27/08/2015,95.189,96.031,94.985,95.765
26/08/2015,93.958,95.444,93.714,95.281
25/08/2015,93.394,94.689,93.375,93.957
24/08/2015,94.765,94.956,92.621,93.421
21/08/2015,94.825,94.825,94.763,94.769
20/08/2015,96.463,96.576,95.711,95.769
19/08/2015,96.995,97.078,96.336,96.454
18/08/2015,96.835,97.071,96.684,97.004
17/08/2015,96.632,96.944,96.510,96.815
14/08/2015,96.602,96.647,96.590,96.635
13/08/2015,96.344,96.805,96.122,96.355
12/08/2015,97.181,97.333,95.934,96.303
11/08/2015,97.188,97.593,96.877,97.205
10/08/2015,97.621,97.918,97.078,97.187
07/08/2015,97.594,97.622,97.590,97.618
06/08/2015,97.880,98.162,97.630,97.783
05/08/2015,97.927,98.218,97.642,97.902
04/08/2015,97.463,98.002,97.214,97.938
03/08/2015,97.264,97.582,97.155,97.467
31/07/2015,97.259,97.272,97.225,97.265
30/07/2015,97.129,97.773,97.097,97.487
29/07/2015,96.641,97.254,96.497,97.166
28/07/2015,96.578,96.967,96.468,96.653
27/07/2015,97.269,97.302,96.288,96.535
24/07/2015,97.254,97.280,97.246,97.268
23/07/2015,97.446,97.510,96.887,97.196
22/07/2015,97.346,97.786,97.108,97.452
21/07/2015,98.011,98.151,97.142,97.314
20/07/2015,97.915,98.147,97.735,98.051
17/07/2015,97.908,97.936,97.905,97.914
16/07/2015,97.107,97.756,97.098,97.661
15/07/2015,96.632,97.306,96.534,97.126
14/07/2015,96.817,97.047,96.265,96.605
13/07/2015,96.016,96.861,95.633,96.803
10/07/2015,96.002,96.023,95.986,96.015
09/07/2015,96.222,96.755,95.974,96.268
08/07/2015,96.668,96.876,96.123,96.215
07/07/2015,96.266,97.235,96.263,96.767
06/07/2015,96.402,96.625,96.015,96.258
03/07/2015,96.429,96.429,96.343,96.398
02/07/2015,96.329,96.422,95.874,96.068
01/07/2015,95.591,96.349,95.473,96.268
30/06/2015,95.054,95.676,94.847,95.529
29/06/2015,96.152,96.390,94.681,94.990
26/06/2015,96.137,96.220,96.103,96.150
25/06/2015,95.229,95.514,95.088,95.211
24/06/2015,95.367,95.538,94.932,95.279
23/06/2015,94.304,95.636,94.285,95.406
22/06/2015,94.067,94.446,93.807,94.323
