DATE,OPEN,HIGH,LOW,CLOSE
26/01/2023,11458.4,11516.05,11341.19,11512.41
25/01/2023,11146.5,11334.22,11069.17,11313.36
24/01/2023,11171.9,11378.15,11171.9,11334.27
23/01/2023,11171.9,11405.5,11144.03,11364.41
20/01/2023,10924.7,11143.17,10885.65,11140.43
19/01/2023,10890.4,10932.52,10804.57,10852.27
18/01/2023,11170.9,11223.41,10952.05,10957.01
17/01/2023,11070,11145.44,11024.72,11095.11
13/01/2023,10906.4,11084.01,10900.16,11079.16
12/01/2023,10969.3,11027.75,10797.12,11001.1
11/01/2023,10795,10932.44,10762.73,10931.67
10/01/2023,10607.7,10743.67,10589.59,10742.63
09/01/2023,10662.1,10807.26,10619.12,10635.65
06/01/2023,10364,10604.14,10265.04,10569.29
05/01/2023,10390.3,10393.22,10295.25,10305.24
04/01/2023,10467.8,10515.22,10337.64,10458.76
03/01/2023,10562.1,10613.06,10309.16,10386.98
30/12/2022,10368.4,10468.31,10324.7,10466.48
29/12/2022,10321.5,10502.08,10301.06,10478.09
28/12/2022,10339.2,10414.82,10207.47,10213.29
27/12/2022,10462.2,10472.32,10340.73,10353.23
23/12/2022,10437.8,10514.76,10361.82,10497.86
22/12/2022,10586.5,10599.34,10313.32,10476.12
21/12/2022,10592,10753.57,10569.2,10709.37
20/12/2022,10490.9,10609.46,10446.82,10547.11
19/12/2022,10707.4,10713.97,10497.55,10546.03
16/12/2022,10767.6,10833.24,10642.1,10705.41
15/12/2022,11012.6,11029.57,10775.61,10810.53
14/12/2022,11248.1,11352.09,11065.24,11170.89
13/12/2022,11256.81,11256.81,11256.81,11256.81
12/12/2022,11015.5,11144.67,10984.82,11143.74
09/12/2022,11038.2,11138.7,10999.26,11004.62
08/12/2022,11011.3,11119.16,10939.47,11082
07/12/2022,10964,11039.81,10910.62,10958.55
06/12/2022,11228.4,11241.42,10956.2,11014.89
05/12/2022,11381,11425.51,11193.02,11239.94
02/12/2022,11475.2,11475.2,11296.72,11461.5
01/12/2022,11475.2,11546.77,11378.75,11482.45
30/11/2022,10995.2,11468.47,10966.53,11468
29/11/2022,11060,11086.02,10944.37,10983.78
28/11/2022,11147.6,11217.75,11020.69,11049.5
25/11/2022,11231,11261.57,11206.38,11226.36
23/11/2022,11174.6,11310.82,11174.6,11285.32
22/11/2022,11058.6,11179.87,10975.66,11174.41
21/11/2022,11091,11128.78,10999.75,11024.51
18/11/2022,11257,11259.44,11059.16,11146.06
17/11/2022,11008.7,11198.84,11006.21,11144.96
16/11/2022,11260.1,11286.1,11162.92,11183.66
15/11/2022,11474.8,11492.62,11241.15,11358.41
14/11/2022,11233.9,11350.13,11167.17,11196.22
11/11/2022,11124.7,11352.43,11069.83,11323.33
10/11/2022,10869.2,11119.12,10779.95,11114.15
09/11/2022,10528.5,10564.97,10344.01,10353.17
08/11/2022,10611.5,10745.64,10472.73,10616.2
07/11/2022,10516.9,10587.96,10428.91,10564.52
04/11/2022,10548.1,10553.63,10262.93,10475.25
03/11/2022,10399.5,10486.01,10319.54,10342.94
02/11/2022,10885,10993.24,10522.9,10524.8
01/11/2022,11154.7,11156.35,10881.19,10890.85
31/10/2022,11028.4,11047.94,10914,10988.15
28/10/2022,10766.2,11117.04,10766.2,11102.45
27/10/2022,10972,10998.73,10780.5,10792.67
26/10/2022,10969,11205.84,10948.38,10970.99
25/10/2022,10997,11210.38,10996.97,11199.12
24/10/2022,10867.1,10983.52,10713.33,10952.61
21/10/2022,10576.04,10875.72,10542.43,10859.72
20/10/2022,10657.4,10837.3,10574.55,10614.84
19/10/2022,10689.3,10808.04,10592.88,10680.51
18/10/2022,10964,10972.97,10670.12,10772.4
17/10/2022,10575.6,10696.59,10569.69,10675.8
14/10/2022,10742.8,10766.69,10308.81,10321.39
13/10/2022,10131.8,10697.71,10088.83,10649.15
12/10/2022,10437,10494.53,10372.21,10417.1
11/10/2022,10484.4,10608.84,10351.98,10426.19
10/10/2022,10659.9,10669.93,10449.04,10542.1
07/10/2022,10877.3,10891.93,10608.52,10652.4
06/10/2022,11129,11230.44,11051.27,11073.31
05/10/2022,11022.7,11204.69,10910.76,11148.64
04/10/2022,11054.7,11189.96,11044.04,11176.41
03/10/2022,10659,10875.46,10577.89,10815.43
30/09/2022,10697.7,10883.04,10572.33,10575.62
29/09/2022,10894.4,10899.47,10623.22,10737.51
28/09/2022,10817.5,11101.5,10776.34,11051.64
27/09/2022,10955.3,11040.98,10741.02,10829.5
26/09/2022,10833.4,11024,10789.05,10802.92
23/09/2022,10952.7,10958.29,10732.72,10867.93
22/09/2022,11167.4,11203.77,11024.64,11066.81
21/09/2022,11466.2,11613.57,11218.99,11220.19
20/09/2022,11440.1,11520.99,11343.72,11425.05
19/09/2022,11338.6,11538.13,11337.83,11535.02
16/09/2022,11401.2,11460.43,11316.92,11448.4
15/09/2022,11633.2,11760.73,11497.11,11552.36
14/09/2022,11680.4,11746.83,11602.76,11719.68
13/09/2022,11908.8,11957.97,11604.43,11633.57
12/09/2022,12174.9,12270.19,12169.28,12266.41
09/09/2022,11958.6,12132.67,11958.6,12112.31
08/09/2022,11679.9,11896.73,11660.53,11862.13
07/09/2022,11559.4,11819.07,11555.08,11791.9
06/09/2022,11643.03,11679.43,11471.5,11544.91
02/09/2022,11899.1,11945.91,11573.51,11630.86
01/09/2022,11707.4,11798.37,11546.52,11785.13
31/08/2022,11972.6,12027.43,11814.17,11816.2
30/08/2022,12093.1,12101.85,11790.02,11883.14
29/08/2022,12021,12124.87,11984.39,12017.67
26/08/2022,12630.6,12655.84,12141.52,12141.71
25/08/2022,12506.4,12641.26,12471.98,12639.27
24/08/2022,12375.2,12504.33,12350.16,12431.53
23/08/2022,12380.4,12490.85,12352.03,12381.3
22/08/2022,12523.2,12538.55,12353.73,12381.57
19/08/2022,12832.3,12859.01,12674.87,12705.21
18/08/2022,12937.8,13002.66,12873.49,12965.34
17/08/2022,12968.6,13053.51,12863.01,12938.12
16/08/2022,13082.6,13181.09,12979.24,13102.55
15/08/2022,12996.6,13146.06,12993.78,13128.05
12/08/2022,12866.3,13047.19,12821.22,13047.19
11/08/2022,12944.8,13026.24,12760.09,12779.91
10/08/2022,12793.4,12861.44,12698.61,12854.8
09/08/2022,12557.5,12582.91,12438.86,12493.93
08/08/2022,12703.7,12855.15,12597.75,12644.46
05/08/2022,12538.8,12720.44,12525.77,12657.55
04/08/2022,12675,12736.19,12600.78,12720.58
03/08/2022,12433.9,12699.64,12425.21,12668.16
02/08/2022,12287.7,12503.34,12260.48,12348.76
01/08/2022,12318,12499.72,12271.98,12368.98
29/07/2022,12239.7,12426.26,12181.13,12390.69
28/07/2022,12036.5,12179.09,11886.67,12162.59
27/07/2022,11756.2,12081.73,11718.38,12032.42
26/07/2022,11701.5,11711.31,11533.37,11562.57
25/07/2022,11838,11855.11,11707.53,11782.67
22/07/2022,12025.4,12093.02,11767.19,11834.11
21/07/2022,11914.1,12060.59,11812.72,12059.61
20/07/2022,11726.1,11939.96,11703.36,11897.65
19/07/2022,11515,11721.22,11448.97,11713.15
18/07/2022,11561.64,11629.03,11322.84,11360.05
15/07/2022,11379.4,11454.69,11295.33,11452.42
14/07/2022,11151.2,11279.97,11005.93,11251.19
13/07/2022,11056.5,11325.67,11031.27,11247.58
12/07/2022,11420.9,11483.17,11207.08,11264.73
11/07/2022,11524.5,11541.1,11348.06,11372.6
08/07/2022,11503.6,11689.7,11479.77,11635.31
07/07/2022,11422.6,11644.47,11412.88,11621.35
06/07/2022,11337.9,11443.15,11250.32,11361.85
05/07/2022,10964.2,11323.89,10911.45,11322.24
01/07/2022,11006.8,11132.55,10922.71,11127.84
30/06/2022,11048.2,11160.92,10850.01,11028.74
29/06/2022,11160.2,11226.33,11072.19,11177.89
28/06/2022,11542.2,11635.85,11177.68,11181.54
27/06/2022,11661,11677.49,11487.07,11524.55
24/06/2022,11351.3,11613.23,11337.78,11607.62
23/06/2022,11137.7,11260.27,11046.29,11232.19
22/06/2022,10942,11216.77,10938.06,11053.08
21/06/2022,10974.1,11164.99,10974.05,11069.3
17/06/2022,10697.6,10884.71,10638.72,10798.35
16/06/2022,10806,10831.07,10565.13,10646.1
15/06/2022,10968.4,11244.26,10866.39,11099.15
14/06/2022,10897.4,10926.81,10733.04,10828.35
13/06/2022,10986.85,11071.48,10775.14,10809.23
10/06/2022,11543.9,11569.15,11328.27,11340.02
09/06/2022,12016.5,12115.06,11751.98,11754.23
08/06/2022,12147.3,12235.78,12052.7,12086.27
07/06/2022,11925.8,12194.86,11888.62,12175.23
06/06/2022,12200.3,12245.4,12004.2,12061.37
03/06/2022,12097.1,12167.44,11966.62,12012.73
02/06/2022,11945.6,12320.12,11901.45,12316.9
01/06/2022,12176.9,12237.94,11901.43,11994.46
31/05/2022,12137.5,12190.08,11942.5,12081.39
27/05/2022,11869.7,12131.66,11856.82,12131.13
26/05/2022,11409.8,11796.97,11406.16,11740.65
25/05/2022,11225,11511.9,11211.85,11434.74
24/05/2022,11326.44,11351.61,11092.48,11264.45
23/05/2022,11396.3,11552.07,11304.56,11535.27
20/05/2022,11542.7,11552.21,11035.69,11354.62
19/05/2022,11364.4,11562.82,11313.31,11388.5
18/05/2022,11790.7,11826.22,11381.69,11418.15
17/05/2022,11905.6,11988.43,11754.28,11984.52
16/05/2022,11727.1,11804.59,11627.53,11662.79
13/05/2022,11556,11856.71,11510.26,11805
12/05/2022,11199.3,11547.33,11108.76,11370.96
11/05/2022,11645.6,11844.51,11339.18,11364.24
10/05/2022,11900.3,11944.94,11566.28,11737.67
09/05/2022,11923,11990.61,11574.94,11623.25
06/05/2022,12246.8,12358.42,11990.15,12144.66
05/05/2022,12787.5,12787.52,12183.56,12317.69
04/05/2022,12574.7,12985.01,12367.02,12964.86
03/05/2022,12511.5,12645.83,12460.99,12563.76
02/05/2022,12331.7,12542.54,12202.41,12536.02
29/04/2022,12710.4,12861.83,12315.74,12334.64
28/04/2022,12712.9,12948.52,12487.86,12871.53
27/04/2022,12500.9,12703.79,12430.9,12488.93
26/04/2022,12918,12918.04,12490.74,12490.74
25/04/2022,12749.2,13011.45,12722.59,13004.85
22/04/2022,13168.8,13212.6,12828.02,12839.29
21/04/2022,13623.7,13710.7,13140.83,13174.65
20/04/2022,13665.38,13678.55,13426.13,13453.07
19/04/2022,13312.4,13643.97,13281.22,13619.66
18/04/2022,13319.4,13414.27,13222.03,13332.36
14/04/2022,13647.4,13662.93,13345.22,13351.08
13/04/2022,13373.1,13679.43,13353.66,13643.59
12/04/2022,13584.7,13685.95,13317.74,13371.57
11/04/2022,13547.3,13585.08,13401.39,13411.96
08/04/2022,13830.5,13866.06,13693.69,13711
07/04/2022,13861.5,13978.25,13689.23,13897.3
06/04/2022,14002.6,14032.84,13788.9,13888.82
05/04/2022,14490.3,14500.29,14169.12,14204.17
04/04/2022,14304.4,14534.38,14286.45,14532.55
01/04/2022,14269.5,14306.94,14131.81,14261.5
31/03/2022,14444.78,14456.74,14217.72,14220.52
30/03/2022,14558.6,14609.25,14383.45,14442.27
29/03/2022,14500.4,14646.9,14419.4,14619.64
28/03/2022,14177.21,14356,14101.34,14354.9
25/03/2022,14194.7,14218.76,14010.79,14169.3
24/03/2022,14001.3,14193.55,13897.2,14191.84
23/03/2022,13990.4,14152.14,13921.65,13922.6
22/03/2022,13866.4,14141.07,13857.29,14108.82
21/03/2022,13860.39,13945.8,13682.55,13838.46
18/03/2022,13564.63,13899.28,13528.06,13893.84
17/03/2022,13360.72,13620.8,13317.14,13614.78
16/03/2022,13119.4,13440.12,12992.2,13436.55
15/03/2022,12685.2,12973.88,12616.59,12948.62
14/03/2022,12795.1,12918.01,12555.35,12581.22
11/03/2022,13229.8,13239.35,12830.37,12843.81
10/03/2022,13098.35,13163.5,12946.28,13129.96
09/03/2022,13113.7,13301.16,13039.79,13255.55
08/03/2022,12800.04,13159.44,12670.08,12795.55
07/03/2022,13328.4,13353.28,12828.02,12830.96
04/03/2022,13455.2,13486.71,13224.98,13313.44
03/03/2022,13837.6,13837.6,13472.64,13537.94
02/03/2022,13597.5,13796.55,13493.91,13752.02
01/03/2022,13716.7,13777.04,13441.32,13532.46
28/02/2022,13570.8,13810.64,13549.9,13751.4
25/02/2022,13485.3,13696.86,13358.29,13694.62
24/02/2022,12587.9,13486.11,12587.88,13473.58
23/02/2022,13511.7,13533.78,13032.17,13037.49
22/02/2022,13424.4,13618.71,13249.65,13381.52
18/02/2022,13735.4,13762.4,13465.56,13548.07
17/02/2022,14004.2,14020.82,13704.7,13716.72
16/02/2022,14038.9,14163.73,13931.99,14124.09
15/02/2022,13997.2,14142.49,13976.29,14139.76
14/02/2022,13769,13921.71,13664.76,13790.92
11/02/2022,14213.6,14246.7,13733.16,13791.15
10/02/2022,14228.7,14509.56,14118.2,14185.64
09/02/2022,14368.2,14490.72,14330.87,14490.37
08/02/2022,13984.4,14226.48,13934.78,14194.46
07/02/2022,14118.8,14236.31,13974.1,14015.67
04/02/2022,13958.5,14222.76,13850.39,14098.01
03/02/2022,14045.83,14207.88,13851.74,13878.82
02/02/2022,14494.5,14504.82,14264.65,14417.55
01/02/2022,14277.4,14358.69,14070.77,14346
31/01/2022,13812.19,14242.9,13767.71,14239.88
28/01/2022,13436.7,13771.91,13236.56,13770.57
27/01/2022,13711,13765.91,13322.66,13352.78
26/01/2022,13871.8,14002.65,13392.19,13542.12
25/01/2022,13610.9,13781.62,13414.14,13539.29
24/01/2022,13481.5,13876.61,13094.65,13855.13
21/01/2022,14046.2,14171.72,13764.24,13768.92
20/01/2022,14462.9,14642.03,14140.78,14154.02
19/01/2022,14582.2,14658.89,14331.65,14340.25
18/01/2022,14681.8,14740.54,14482.94,14506.9
14/01/2022,14708,14897.68,14689.43,14893.75
13/01/2022,15245,15259.71,14782.24,14806.81
12/01/2022,15263.1,15319.03,15117.29,15188.39
11/01/2022,14919.3,15158.71,14837.63,15153.45
10/01/2022,14751.8,14953.85,14530.23,14942.83
07/01/2022,15095.7,15171.02,14877.63,14935.9
06/01/2022,15024.2,15198.45,14914.87,15080.87
05/01/2022,15547.2,15586.3,15095.18,15100.17
04/01/2022,15852.1,15852.14,15512.41,15622.72
03/01/2022,15732.5,15832.8,15644.09,15832.8
31/12/2021,15722.9,15777.43,15643.94,15644.97
30/12/2021,15759,15868.09,15729.16,15741.56
29/12/2021,15794.92,15821.81,15679.85,15766.22
28/12/2021,15895.2,15901.47,15757.07,15781.72
27/12/2021,15696.8,15871.4,15696.8,15871.26
23/12/2021,15544.79,15697.98,15528.91,15653.37
22/12/2021,15319.2,15525.97,15303.06,15521.89
21/12/2021,15140.4,15349.06,15015.03,15341.09
20/12/2021,14933,15007.3,14860.04,14980.94
17/12/2021,15036.8,15288.78,14960.37,15169.68
16/12/2021,15629.1,15633.19,15119.49,15180.43
15/12/2021,15230.71,15575.76,15055.23,15565.58
14/12/2021,15216,15317.55,15097.35,15237.64
13/12/2021,15621.3,15637.06,15408.25,15413.28
10/12/2021,15629.59,15677.6,15477.85,15630.6
09/12/2021,15720.5,15796.05,15511.12,15517.37
08/12/2021,15690.6,15792.64,15618.88,15786.99
07/12/2021,15510.9,15720.09,15507.66,15686.92
06/12/2021,15117.6,15281.99,14931.61,15225.15
03/12/2021,15428.7,15470.36,14931.06,15085.47
02/12/2021,15181.8,15444.54,15150.12,15381.32
01/12/2021,15752.3,15816.82,15243.93,15254.05
30/11/2021,15716.5,15828.2,15451.38,15537.69
29/11/2021,15719.4,15833.11,15644.61,15782.83
26/11/2021,15664.4,15731.54,15456.09,15491.66
24/11/2021,15677.9,15848.56,15591.36,15845.23
23/11/2021,15809.5,15895.86,15601.46,15775.14
22/11/2021,16120.9,16212.23,15851.04,15854.76
19/11/2021,16042.2,16121.12,16017.23,16057.44
18/11/2021,15973.4,16010.88,15848.83,15993.71
17/11/2021,15973.62,15998.57,15909.39,15921.57
16/11/2021,15840.3,15989.61,15825,15973.86
15/11/2021,15894.8,15918.45,15778.31,15853.85
12/11/2021,15752.6,15874.58,15705.38,15860.96
11/11/2021,15752.1,15768.03,15695.77,15704.28
10/11/2021,15753.8,15867.24,15543.68,15622.71
09/11/2021,16024.1,16035.21,15836.68,15886.54
08/11/2021,15995.7,16038.23,15961.8,15982.36
05/11/2021,16003.6,16053.39,15900.78,15971.59
04/11/2021,15849.7,15966.09,15827.66,15940.31
03/11/2021,15658.5,15821.58,15616.44,15811.58
02/11/2021,15584,15656.6,15569.27,15649.6
01/11/2021,15541.3,15598.95,15470.82,15595.92
29/10/2021,15323.3,15504.12,15323.29,15498.39
28/10/2021,15304.7,15452.3,15290.31,15448.12
27/10/2021,15276,15364.54,15235.84,15235.84
26/10/2021,15317.5,15384,15198.23,15235.71
25/10/2021,15142.9,15259.63,15070.75,15226.71
22/10/2021,15158.1,15193.01,15021.02,15090.2
21/10/2021,15104.8,15222.25,15094.14,15215.7
20/10/2021,15160,15178.39,15071.15,15121.68
19/10/2021,15073.1,15137.85,15049.73,15129.09
18/10/2021,14839.7,15026.68,14833.28,15021.81
15/10/2021,14891.2,14904.98,14847.96,14897.34
14/10/2021,14717.5,14827.56,14699.52,14823.43
13/10/2021,14537.2,14589.28,14471.88,14571.63
12/10/2021,14539.1,14552.71,14441.6,14465.92
11/10/2021,14540.1,14665.99,14482.62,14486.2
08/10/2021,14694.7,14699.91,14569.68,14579.54
07/10/2021,14631.8,14755.72,14615.14,14654.02
06/10/2021,14289.4,14509.55,14259.07,14501.91
05/10/2021,14312.9,14508.65,14299.78,14433.83
04/10/2021,14493.1,14499.74,14181.69,14255.48
01/10/2021,14494.9,14606.82,14324.01,14566.7
30/09/2021,14582.6,14632.36,14444.3,14448.58
29/09/2021,14614.88,14676.62,14493.67,14512.44
28/09/2021,14787.2,14817.74,14539.88,14546.68
27/09/2021,14954.18,15003.16,14864.96,14969.97
24/09/2021,14961.6,15067.56,14946.57,15047.7
23/09/2021,14960,15085.44,14932.51,15052.24
22/09/2021,14800.6,14950.12,14767.01,14896.85
21/09/2021,14803.4,14847.03,14696.47,14746.4
20/09/2021,14758.1,14841.82,14530.07,14713.9
17/09/2021,15163.4,15166.56,14998.73,15043.97
16/09/2021,15120.1,15205.5,15047.14,15181.92
15/09/2021,15071.3,15174.38,14984.68,15161.53
14/09/2021,15168.4,15181.19,15008.3,15037.76
13/09/2021,15211.4,15215.44,15030.85,15105.58
10/09/2021,15332.9,15349.47,15111.31,15115.49
09/09/2021,15296.1,15352.38,15245.17,15248.25
08/09/2021,15360.3,15360.35,15206.61,15286.64
07/09/2021,15376,15403.44,15343.28,15374.33
03/09/2021,15313.4,15375.56,15283.67,15363.52
02/09/2021,15358.47,15380.07,15285.35,15331.18
01/09/2021,15309,15379.5,15302.11,15309.38
31/08/2021,15262.9,15278.96,15202.67,15259.24
30/08/2021,15165.9,15288.08,15165.12,15265.89
27/08/2021,14969.76,15144.48,14966.52,15129.5
26/08/2021,15025.17,15059.63,14939.56,14945.81
25/08/2021,15039,15059.43,15011.58,15041.86
24/08/2021,14978.1,15034.89,14965.54,15019.8
23/08/2021,14777,14963.47,14776.98,14942.65
20/08/2021,14571.5,14722.16,14571.5,14714.66
19/08/2021,14423.2,14610.76,14423.16,14541.79
18/08/2021,14636.2,14697.25,14516.3,14525.91
17/08/2021,14670.6,14716.95,14550.88,14656.18
16/08/2021,14771.5,14794.68,14610.02,14793.76
13/08/2021,14825.1,14850.61,14797.22,14822.9
12/08/2021,14751.4,14824.31,14698.94,14816.26
11/08/2021,14834.4,14842.5,14692.41,14765.13
10/08/2021,14887.7,14894.61,14754.48,14788.09
09/08/2021,14855.8,14883.81,14802.69,14860.18
06/08/2021,14864.2,14890.18,14788.59,14835.76
05/08/2021,14794.1,14896.47,14776.03,14895.12
04/08/2021,14747.2,14812.37,14734.12,14780.53
03/08/2021,14714,14762.6,14584.09,14761.29
02/08/2021,14758.6,14770.41,14665.67,14681.07
30/07/2021,14615.9,14728.79,14615.85,14672.68
29/07/2021,14771.2,14833.74,14761.38,14778.26
28/07/2021,14715.7,14798.88,14645.63,14762.58
27/07/2021,14807.9,14811.08,14503.76,14660.58
26/07/2021,14821,14863.65,14790.49,14840.71
23/07/2021,14753.1,14846.06,14698.77,14836.99
22/07/2021,14652.7,14694.19,14617.87,14684.6
21/07/2021,14508.7,14633.14,14498.65,14631.95
20/07/2021,14330.5,14555.75,14271.23,14498.88
19/07/2021,14236,14313.6,14178.66,14274.98
16/07/2021,14597.5,14623.02,14413.32,14427.24
15/07/2021,14635.8,14650.38,14451.8,14543.13
14/07/2021,14780.9,14790.55,14632.95,14644.95
13/07/2021,14715.1,14803.68,14660.19,14677.65
12/07/2021,14743.9,14761.08,14672.63,14733.24
09/07/2021,14578.4,14710.2,14552.26,14701.92
08/07/2021,14409.2,14610.06,14371.59,14559.79
07/07/2021,14753.4,14755.33,14580.79,14665.06
06/07/2021,14661.5,14687,14529.8,14663.64
02/07/2021,14582.98,14649.11,14555.34,14639.33
01/07/2021,14493.7,14533.54,14439.4,14522.38
30/06/2021,14509.9,14526.81,14478.06,14503.95
29/06/2021,14509.2,14535.97,14471.38,14528.33
28/06/2021,14417.8,14505.19,14417.2,14500.51
25/06/2021,14400.8,14409.08,14337.65,14360.39
24/06/2021,14357.3,14414.46,14333.7,14369.71
23/06/2021,14263.4,14317.66,14246.3,14271.73
22/06/2021,14138.3,14269.77,14121,14253.27
21/06/2021,14047.4,14150.78,13960.04,14141.48
18/06/2021,14096.9,14129.22,14009.04,14030.38
17/06/2021,13999.1,14196.21,13998.93,14161.35
16/06/2021,14085.6,14129.69,13903.73,14039.68
15/06/2021,14166.6,14171.02,14052.16,14072.86
14/06/2021,14083.5,14175.45,14056.67,14174.14
11/06/2021,14030.9,14069.42,14006.59,14069.42
10/06/2021,13933.9,14031.19,13904.4,14020.33
09/06/2021,13980.2,14003.5,13906.45,13911.75
08/06/2021,13946.3,13981.72,13831.98,13924.91
07/06/2021,13802.8,13889.11,13784.89,13881.72
04/06/2021,13697.2,13826.82,13692.01,13814.49
03/06/2021,13655.7,13684.13,13548.93,13614.51
02/06/2021,13743.2,13775.89,13689.74,13756.33
01/06/2021,13829.1,13836.17,13678.77,13736.48
28/05/2021,13792,13820.87,13747.61,13748.74
27/05/2021,13742.6,13776.52,13701.63,13736.28
26/05/2021,13693.9,13750.16,13679.59,13738
25/05/2021,13721.5,13751.14,13631.8,13657.17
24/05/2021,13557.2,13708.85,13551.01,13661.17
21/05/2021,13616.2,13616.58,13463.26,13470.99
20/05/2021,13356.6,13563.52,13355.71,13535.74
19/05/2021,13078.2,13304.61,13072.23,13299.74
18/05/2021,13416.9,13485.34,13299.92,13303.64
17/05/2021,13368.8,13399.17,13265.4,13379.05
14/05/2021,13255.6,13460.88,13242.97,13429.98
13/05/2021,13150.9,13247.87,13007.24,13124.99
12/05/2021,13215.5,13288.61,13002.54,13031.68
11/05/2021,13115.9,13423.31,13107.67,13389.43
10/05/2021,13687.6,13687.93,13401.75,13401.86
07/05/2021,13723.1,13828.62,13690.75,13752.24
06/05/2021,13557.8,13635.73,13439.39,13632.84
05/05/2021,13731.1,13753.05,13553.93,13582.42
04/05/2021,13774.5,13795.57,13485.59,13633.5
03/05/2021,14031.8,14042.12,13881.51,13895.12
30/04/2021,13970.7,14084.76,13941.63,13962.68
29/04/2021,14204.5,14211.57,13952.8,14082.55
28/04/2021,14082.8,14133.65,14034.7,14051.03
27/04/2021,14170.9,14171.24,14064.28,14090.22
26/04/2021,14052.4,14154.03,14019.5,14138.78
23/04/2021,13861.4,14062.74,13856.83,14016.81
22/04/2021,13952.6,14015.87,13771.04,13818.41
21/04/2021,13745.8,13951.35,13706.86,13950.22
20/04/2021,13894.5,13927.67,13698.67,13786.27
19/04/2021,13984.6,14041.79,13842.57,13914.77
16/04/2021,14059.1,14062.5,13977.05,14052.34
15/04/2021,13983.2,14049.13,13970.42,14038.76
14/04/2021,14004.08,14033.63,13839.04,13857.84
13/04/2021,13902.4,14011.51,13902.4,13996.1
12/04/2021,13854.4,13877,13783.95,13850
09/04/2021,13787,13905.41,13748.35,13900.19
08/04/2021,13796.9,13830.14,13758.71,13829.31
07/04/2021,13675.3,13733.03,13653.58,13688.84
06/04/2021,13681.7,13776.71,13674.28,13698.38
05/04/2021,13594.9,13720.58,13582.76,13705.59
01/04/2021,13414.3,13487.08,13404.18,13480.11
31/03/2021,13122.6,13325.54,13118.38,13246.87
30/03/2021,13008.8,13075.75,12922.57,13045.39
29/03/2021,13104,13143.41,12968.16,13059.65
26/03/2021,12996,13149.55,12878.72,13138.72
25/03/2021,12844.6,13021.86,12786.81,12977.68
24/03/2021,13289.2,13292.92,12961.35,12961.89
23/03/2021,13381.4,13405.14,13202.43,13227.7
22/03/2021,13278.8,13455.64,13278.78,13377.54
19/03/2021,13119.9,13252.37,13039.45,13215.24
18/03/2021,13349.2,13384.46,13101.92,13116.17
17/03/2021,13336.9,13595,13272.69,13525.2
16/03/2021,13523.2,13620.71,13397.08,13471.57
15/03/2021,13323.5,13460.35,13272.5,13459.71
12/03/2021,13222.8,13324.69,13158.72,13319.86
11/03/2021,13273.3,13433.62,13246.33,13398.67
10/03/2021,13234.7,13277.11,13035.44,13068.83
09/03/2021,12923.1,13151.54,12882.49,13073.82
08/03/2021,12904.3,13001,12599.23,12609.16
05/03/2021,12860,12941.21,12397.05,12920.15
04/03/2021,12953.99,13068.71,12553.96,12723.47
03/03/2021,13336.25,13372.52,12995.07,12997.75
02/03/2021,13599.45,13601.33,13352,13358.79
01/03/2021,13406.16,13596.59,13362.66,13588.83
26/02/2021,13232.9,13368.06,13024.53,13192.35
25/02/2021,13512.64,13602.86,13066.38,13119.43
24/02/2021,13400.25,13607.36,13286.59,13597.97
23/02/2021,13262.61,13526.09,13003.98,13465.2
22/02/2021,13714.2,13757.06,13530.96,13533.05
19/02/2021,13929.2,13985.58,13842.6,13874.46
18/02/2021,13814.67,13905.96,13714.35,13865.36
17/02/2021,13911.65,13976.43,13804.26,13965.5
16/02/2021,14047.5,14047.5,14047.5,14047.5
12/02/2021,13979.21,14102.04,13937.71,14095.47
11/02/2021,14050.44,14058.91,13916.85,14025.77
10/02/2021,14089.54,14107.44,13845.47,13972.53
09/02/2021,13966.81,14044.95,13966.81,14007.7
08/02/2021,13932.21,13987.74,13894.15,13987.64
05/02/2021,13823.88,13878.16,13761.66,13856.3
04/02/2021,13678.05,13778.42,13631.62,13777.74
03/02/2021,13711.18,13715.04,13585.34,13610.54
02/02/2021,13538.99,13652.69,13535.86,13612.78
01/02/2021,13231.26,13431.46,13132.47,13403.39
29/01/2021,13282.94,13322,12985.05,13070.69
28/01/2021,13318.6,13507.64,13316.52,13337.16
27/01/2021,13488.81,13538.42,13192.91,13270.6
26/01/2021,13681.72,13702.69,13603.19,13626.06
25/01/2021,13685.82,13728.98,13370.93,13635.99
22/01/2021,13483.4,13567.14,13463.66,13543.06
21/01/2021,13521.48,13560.35,13454.07,13530.91
20/01/2021,13330.66,13486.13,13329.77,13457.25
19/01/2021,13130.85,13206.86,13078.7,13197.18
15/01/2021,13097.25,13139.83,12949.76,12998.5
14/01/2021,13174.75,13220.16,13098.41,13112.64
13/01/2021,13088.01,13171.15,13051.06,13128.95
12/01/2021,13062.06,13105.04,12963.92,13072.43
11/01/2021,13053.66,13138.27,13004.41,13036.43
08/01/2021,13148.81,13206.63,13036.55,13201.98
07/01/2021,12873.95,13090.91,12871.51,13067.48
06/01/2021,12661.38,12909.63,12652.53,12740.79
05/01/2021,12680.23,12828.27,12680.23,12818.96
04/01/2021,12955.47,12955.64,12544.26,12698.45
31/12/2020,12877.09,12902.07,12821.23,12888.28
30/12/2020,12906.51,12924.93,12857.76,12870
29/12/2020,12965.39,12973.33,12821.97,12850.22
28/12/2020,12914.64,12930.89,12827.45,12899.42
24/12/2020,12791.54,12833.55,12767.64,12804.73
23/12/2020,12834.94,12841.92,12758.69,12771.11
22/12/2020,12785.22,12840.57,12695.31,12807.92
21/12/2020,12606.96,12751.27,12525.22,12742.52
18/12/2020,12804.93,12809.6,12654.6,12755.64
17/12/2020,12730.78,12765.25,12696.35,12764.75
16/12/2020,12611.04,12687.32,12566.38,12658.19
15/12/2020,12543.26,12596.13,12465.42,12595.06
14/12/2020,12447.44,12543,12432.71,12440.04
11/12/2020,12336.79,12383.5,12246.77,12377.87
10/12/2020,12245.23,12431.56,12214.74,12405.81
09/12/2020,12591.69,12607.14,12290.78,12338.95
08/12/2020,12503.17,12594.54,12453.21,12582.77
07/12/2020,12461,12536.23,12460.55,12519.95
04/12/2020,12399.32,12464.23,12376.44,12464.23
03/12/2020,12369.26,12439.02,12356.99,12377.18
02/12/2020,12285.75,12360.06,12217.35,12349.37
01/12/2020,12313.36,12405.79,12263.93,12355.11
30/11/2020,12224.25,12244.65,12027.16,12198.74
27/11/2020,12159.18,12236.23,12154.57,12205.85
25/11/2020,12053.89,12114.77,12020.95,12094.4
24/11/2020,11937.2,12049.88,11863.45,12036.79
23/11/2020,11916.76,11949.33,11796.53,11880.63
20/11/2020,11892.7,11935.47,11852.51,11854.97
19/11/2020,11779.04,11912.63,11760.98,11904.71
18/11/2020,11896.06,11942.49,11799.96,11801.6
17/11/2020,11913.35,11950.18,11852.41,11899.34
16/11/2020,11836.35,11937.72,11815.47,11924.13
13/11/2020,11794.94,11849.79,11715.52,11829.29
12/11/2020,11802.5,11847.84,11666.37,11709.59
11/11/2020,11656.65,11793.57,11638.9,11786.43
10/11/2020,11625.3,11665.87,11424.61,11553.86
09/11/2020,12046.66,12107.24,11703.49,11713.78
06/11/2020,11869.9,11920.54,11737.13,11895.23
05/11/2020,11816.33,11924.28,11790.14,11890.93
04/11/2020,11448.37,11663.31,11394.21,11590.78
03/11/2020,11038.66,11213.92,11004.84,11160.57
02/11/2020,11010.45,11071.08,10830.95,10957.61
30/10/2020,11103.47,11129.81,10822.57,10911.59
29/10/2020,11075.22,11287.63,11030.19,11185.59
28/10/2020,11241.99,11249.95,11003.49,11004.87
27/10/2020,11409.34,11465.06,11361.86,11431.35
26/10/2020,11440.64,11545.63,11221.06,11358.94
23/10/2020,11536,11548.85,11434.86,11548.28
22/10/2020,11526.97,11548.77,11369.29,11506.01
21/10/2020,11530.39,11613.79,11476.08,11484.69
20/10/2020,11531.83,11632.89,11471.23,11516.49
19/10/2020,11732.34,11778.11,11454.57,11478.88
16/10/2020,11761.83,11827.42,11648.53,11671.56
15/10/2020,11559.88,11740.68,11559.1,11713.87
14/10/2020,11889.07,11939.92,11714.35,11768.73
13/10/2020,11901.76,11946.98,11821.83,11863.9
12/10/2020,11732.32,11965.54,11704.13,11876.26
09/10/2020,11487.6,11581.23,11476.66,11579.94
08/10/2020,11443.35,11448.23,11384.33,11420.98
07/10/2020,11271.68,11380.56,11258.35,11364.6
06/10/2020,11314.53,11392.41,11124.45,11154.6
05/10/2020,11169.11,11335.21,11162.52,11332.49
02/10/2020,11082.53,11244.87,11033.69,11075.02
01/10/2020,11291.99,11344.13,11240.53,11326.51
30/09/2020,11092.9,11277.96,11092.9,11167.51
29/09/2020,11109,11153.23,11065.63,11085.25
28/09/2020,11084.38,11120.79,11019.14,11117.53
25/09/2020,10680.46,10939.55,10639.98,10913.56
24/09/2020,10551.02,10799.55,10520.22,10672.27
23/09/2020,10950.82,10962.03,10612.91,10632.99
22/09/2020,10873.3,10979.65,10737.52,10963.64
21/09/2020,10621.93,10782.74,10519.49,10778.8
18/09/2020,10973.45,10977.68,10639.95,10793.28
17/09/2020,10802.64,10974.45,10783.81,10910.28
16/09/2020,11222.08,11245.42,11046.43,11050.47
15/09/2020,11193.96,11244.46,11127.98,11190.32
14/09/2020,11010.14,11118.29,10982.26,11056.65
11/09/2020,11010.07,11033.04,10728.03,10853.55
10/09/2020,11235.53,11299.53,10875.02,10919.59
09/09/2020,11064.76,11217.69,10970.45,11141.56
08/09/2020,10911.63,11131.5,10837.2,10847.69
04/09/2020,11416.87,11531.18,10875.87,11313.13
03/09/2020,11867.99,11894.4,11361.36,11458.1
02/09/2020,12047.26,12074.06,11836.18,12056.44
01/09/2020,11844.13,11945.72,11794.78,11939.67
31/08/2020,11718.81,11829.84,11697.41,11775.46
28/08/2020,11689.28,11708.77,11634.77,11695.63
27/08/2020,11688.19,11730.01,11551.01,11625.34
26/08/2020,11516.62,11672.05,11507.46,11665.06
25/08/2020,11370.23,11468.26,11343.04,11466.47
24/08/2020,11449.25,11462.05,11297.53,11379.72
21/08/2020,11258.44,11326.21,11245.44,11311.8
20/08/2020,11096.4,11283.62,11090.03,11264.95
19/08/2020,11214.8,11257.42,11132.1,11146.46
18/08/2020,11170.75,11230.61,11103.83,11210.84
17/08/2020,11083.24,11144.53,11080.3,11129.73
14/08/2020,11042.24,11058.44,10972.06,11019.3
13/08/2020,11026.86,11124.85,11007.5,11042.5
12/08/2020,10878.12,11036.72,10877.16,11012.24
11/08/2020,10934.85,10989.42,10762.71,10782.82
10/08/2020,11033.72,11040.24,10849.46,10968.36
07/08/2020,11072.53,11126.04,10920.37,11010.98
06/08/2020,10989.98,11121.19,10963.41,11108.07
05/08/2020,10967.87,11002.11,10943.72,10998.4
04/08/2020,10897.89,10941.91,10852.9,10941.17
03/08/2020,10848.64,10927.56,10831.15,10902.8
31/07/2020,10741.47,10747.8,10557.7,10745.27
30/07/2020,10450.12,10609.59,10412.09,10587.81
29/07/2020,10474.7,10567.91,10464,10542.94
28/07/2020,10509.2,10523.64,10397.88,10402.09
27/07/2020,10421.7,10546.44,10399.86,10536.27
24/07/2020,10294.41,10418.75,10217.31,10363.18
23/07/2020,10689.5,10728.12,10407.87,10461.42
22/07/2020,10687.58,10745.32,10627.45,10706.13
21/07/2020,10837.88,10839.93,10650.46,10680.36
20/07/2020,10526.02,10783.8,10488.04,10767.09
17/07/2020,10500.52,10532.62,10421.21,10503.19
16/07/2020,10443.87,10499.79,10364.39,10473.83
15/07/2020,10576.72,10604.67,10420.54,10550.49
14/07/2020,10310.25,10497.83,10182.46,10488.58
13/07/2020,10729.92,10824.78,10368.04,10390.84
10/07/2020,10545.91,10622.35,10447.01,10617.44
09/07/2020,10563.72,10578.1,10379.91,10547.75
08/07/2020,10409.35,10494.63,10350.96,10492.5
07/07/2020,10412.46,10518.98,10337.98,10343.89
06/07/2020,10576.72,10604.67,10420.54,10550.49
02/07/2020,10268.67,10310.36,10194.06,10207.63
01/07/2020,10063.67,10197.19,10048.04,10154.63
30/06/2020,9875.29,10085.59,9863.67,10058.77
29/06/2020,9771.72,9877.34,9663.61,9874.15
26/06/2020,9995.12,10000.67,9749.07,9757.22
25/06/2020,9899.36,10018.45,9810.47,10017
24/06/2020,10092.92,10137.5,9842.22,9909.17
23/06/2020,10130.83,10221.85,10112.44,10131.37
22/06/2020,9945.49,10059.61,9916.6,10056.47
19/06/2020,10042.13,10053.91,9872.94,9946.12
18/06/2020,9892.48,9959.2,9885.66,9943.05
17/06/2020,9943.31,9991.21,9891.81,9910.53
16/06/2020,9949.78,9963.63,9754.17,9895.87
15/06/2020,9439.51,9756.07,9403,9726.02
12/06/2020,9715.87,9768.64,9413.62,9588.81
11/06/2020,9791.24,9868.08,9491.3,9492.73
10/06/2020,10012.32,10086.89,9962.58,10020.35
09/06/2020,9865.52,10002.5,9863.27,9953.75
08/06/2020,9825.15,9927.13,9780.61,9924.74
05/06/2020,9703.36,9845.69,9685.35,9814.08
04/06/2020,9649.65,9716.14,9560.41,9615.81
03/06/2020,9651.86,9707.78,9627.18,9682.91
02/06/2020,9566.53,9611.22,9472.08,9608.37
01/06/2020,9471.42,9571.28,9462.32,9552.05
29/05/2020,9382.35,9502.81,9324.73,9489.87
28/05/2020,9393,9523.65,9345.28,9368.99
27/05/2020,9346.12,9414.62,9144.28,9412.36
26/05/2020,9501.21,9501.21,9333.16,9340.22
22/05/2020,9278.55,9328.28,9239.41,9324.59
21/05/2020,9375.19,9405.25,9254.85,9284.88
20/05/2020,9305.62,9392.82,9304.2,9375.78
19/05/2020,9227.46,9317.25,9183.25,9185.1
18/05/2020,9177.15,9267.22,9154.35,9234.83
15/05/2020,8839.99,9018.4,8821.38,9014.56
14/05/2020,8788.04,8945.71,8705.25,8943.72
13/05/2020,9006.05,9074.16,8752.68,8863.17
12/05/2020,9225.14,9250.96,9000.06,9002.55
11/05/2020,9054.91,9241.92,9053.17,9192.34
08/05/2020,9056.89,9125.98,9018.21,9121.32
07/05/2020,8973.78,9015.99,8932.85,8979.66
06/05/2020,8874.7,8933.25,8819.37,8854.39
05/05/2020,8809.66,8909.96,8781.31,8809.12
04/05/2020,8555.32,8715.82,8537.83,8710.71
01/05/2020,8681.29,8754.46,8566.84,8604.95
30/04/2020,8911.01,8926.11,8825.83,8889.55
29/04/2020,8802.7,8957.26,8765.01,8914.71
28/04/2020,8825.68,8830.57,8600.7,8607.73
27/04/2020,8717.98,8754.57,8697.37,8730.16
24/04/2020,8530.08,8642.93,8464.42,8634.52
23/04/2020,8528.84,8635.22,8475.2,8494.75
22/04/2020,8434.55,8537.31,8404.54,8495.38
21/04/2020,8460.69,8480.29,8215.69,8263.23
20/04/2020,8553.37,8684.91,8553.37,8560.73
17/04/2020,8667.48,8670.3,8531.69,8650.14
16/04/2020,8479.11,8560.16,8393.27,8532.36
15/04/2020,8355.96,8464.66,8308.79,8393.18
14/04/2020,8353.21,8531.11,8338.09,8515.74
13/04/2020,8127.69,8200.44,8035.95,8192.42
09/04/2020,8169.01,8227.91,8072.32,8153.58
08/04/2020,7975.72,8114.43,7901.94,8090.9
07/04/2020,8129.99,8146.43,7881.22,7887.26
06/04/2020,7660.17,7938.33,7617.79,7913.24
03/04/2020,7477.27,7518.72,7288.11,7373.08
02/04/2020,7317.45,7499.14,7307.95,7487.31
01/04/2020,7459.5,7566.37,7301.98,7360.58
31/03/2020,7740.06,7880.31,7642.86,7700.1
30/03/2020,7583.46,7784.35,7539.97,7774.15
27/03/2020,7554.25,7716.24,7491.13,7502.38
26/03/2020,7462.21,7809.82,7462.21,7797.54
25/03/2020,7421.36,7671.21,7276.4,7384.3
24/03/2020,7196.15,7418.37,7169.86,7417.86
23/03/2020,6829.46,6984.94,6631.42,6860.67
20/03/2020,7248.07,7354.44,6854.67,6879.52
19/03/2020,6996.45,7341.38,6858.55,7150.58
18/03/2020,6902.32,7182.83,6686.36,6989.84
17/03/2020,7072,7406.23,6828.91,7334.78
16/03/2020,7392.73,7422.2,6882.86,6904.59
13/03/2020,7610.39,7875.93,7219.09,7874.88
12/03/2020,7422.15,7709.46,7194.67,7201.8
11/03/2020,8136.25,8181.36,7850.95,7952.05
10/03/2020,8237.64,8347.4,7930.43,8344.25
09/03/2020,7957.93,8243.31,7943.16,7950.68
06/03/2020,8474.22,8612.36,8375.13,8575.62
05/03/2020,8790.09,8921.08,8677.39,8738.6
04/03/2020,8834.1,9018.09,8757.66,9018.09
03/03/2020,8954.45,9069.09,8605.31,8684.09
02/03/2020,8659.73,8952.81,8543.35,8952.16
28/02/2020,8291.52,8591.82,8264.16,8567.37
27/02/2020,8771.46,8904.11,8562.05,8566.48
26/02/2020,9011.55,9148.32,8927.8,8980.77
25/02/2020,9301.2,9311.01,8940.49,8965.61
24/02/2020,9172.81,9322.88,9167.28,9221.28
21/02/2020,9708.01,9715.95,9542.33,9576.59
20/02/2020,9799.2,9820.86,9636.94,9750.96
19/02/2020,9782.81,9838.37,9777.1,9817.18
18/02/2020,9679.04,9747.68,9675.8,9732.74
14/02/2020,9728.9,9746.36,9693.05,9731.18
13/02/2020,9657.04,9748.32,9650.02,9711.97
12/02/2020,9688.6,9728.77,9666.68,9725.96
11/02/2020,9680.89,9714.74,9617.21,9638.94
10/02/2020,9493.63,9628.66,9493.63,9628.39
07/02/2020,9526.64,9570.09,9496.53,9520.51
06/02/2020,9540.98,9575.66,9505.68,9572.16
05/02/2020,9574.1,9574.94,9454.93,9508.68
04/02/2020,9398.39,9485.38,9374.05,9467.97
03/02/2020,9190.72,9299.85,9188.56,9273.4
31/01/2020,9324.32,9324.8,9123.22,9150.94
30/01/2020,9211.15,9303,9185.18,9298.93
29/01/2020,9318.26,9329.11,9249.04,9275.16
28/01/2020,9201.82,9288.87,9182.33,9269.68
27/01/2020,9093.23,9185.45,9088.04,9139.31
24/01/2020,9446.2,9451.43,9273.23,9314.91
23/01/2020,9377.72,9409.2,9334.13,9402.48
22/01/2020,9413.61,9439.29,9375.13,9383.77
21/01/2020,9361.07,9397.58,9350.2,9370.81
17/01/2020,9392.37,9393.48,9346.81,9388.94
16/01/2020,9313.45,9357.92,9301.32,9357.13
15/01/2020,9253.76,9298.82,9231.14,9258.7
14/01/2020,9270.61,9298.33,9226.49,9251.33
13/01/2020,9213.72,9274.49,9193.06,9273.93
10/01/2020,9232.94,9235.2,9164.66,9178.86
09/01/2020,9202.27,9215.95,9158.5,9203.43
08/01/2020,9068.03,9168.89,9059.38,9129.24
07/01/2020,9076.64,9091.93,9042.55,9068.58
06/01/2020,8943.5,9072.41,8943.5,9071.46
03/01/2020,8976.43,9065.76,8976.43,9020.77
02/01/2020,9039.46,9093.43,9010.89,9092.19
31/12/2019,8918.74,8975.35,8912.77,8972.6
30/12/2019,9004.45,9006.36,8909.19,8945.99
27/12/2019,9049.47,9052,8987.32,9006.62
26/12/2019,8970.21,9022.46,8968.45,9022.39
24/12/2019,8955.01,8957.12,8934.36,8952.88
23/12/2019,8950.2,8956.64,8934.55,8945.65
20/12/2019,8911.84,8931.91,8901.87,8924.96
19/12/2019,8838.97,8888.13,8838.97,8887.22
18/12/2019,8834.65,8848.76,8820.42,8827.73
17/12/2019,8829.47,8831.99,8804.6,8823.36
16/12/2019,8791.31,8833.45,8789.77,8814.23
13/12/2019,8713.91,8768.87,8697.69,8734.88
12/12/2019,8645.36,8745.82,8633.6,8717.32
11/12/2019,8631.12,8658.48,8622.35,8654.05
10/12/2019,8623.56,8650.76,8600.82,8616.18
09/12/2019,8650.86,8678.85,8619.77,8621.83
06/12/2019,8634.25,8665.44,8630.57,8656.53
05/12/2019,8587.93,8588.89,8541.92,8570.7
04/12/2019,8557.45,8584.88,8552.38,8566.67
03/12/2019,8460.72,8523.98,8435.4,8520.64
02/12/2019,8672.85,8672.85,8540.16,8567.99
29/11/2019,8682.01,8697.33,8664.04,8665.47
27/11/2019,8669.6,8705.91,8662.58,8705.18
26/11/2019,8635.4,8659.73,8626.24,8647.93
25/11/2019,8559.65,8633.15,8559.65,8632.49
22/11/2019,8530.54,8535.46,8477.49,8519.89
21/11/2019,8527.87,8530.73,8487.29,8506.21
20/11/2019,8543.57,8578.27,8468.63,8526.73
19/11/2019,8578.02,8589.76,8536.73,8570.66
18/11/2019,8529.16,8559.78,8503.72,8549.94
15/11/2019,8524.48,8540.83,8506.8,8540.83
14/11/2019,8461.06,8485.36,8441.69,8479.02
13/11/2019,8455.02,8496.9,8451.34,8482.1
12/11/2019,8471.07,8514.84,8462.99,8486.09
11/11/2019,8430.58,8467.29,8425.49,8464.28
08/11/2019,8422.67,8475.57,8405.89,8475.31
07/11/2019,8455.11,8483.16,8415.87,8434.52
06/11/2019,8426.57,8426.57,8379.33,8410.63
05/11/2019,8446.62,8457.39,8421.05,8434.68
04/11/2019,8445.5,8451.37,8421.3,8433.2
31/10/2019,8314.38,8321.8,8248.81,8292.36
30/10/2019,8284.28,8315.51,8242.57,8303.98
29/10/2019,8313.35,8319.29,8275.14,8276.85
28/10/2019,8285.77,8335.56,8285.27,8325.99
25/10/2019,8150.59,8249.97,8150.59,8243.12
24/10/2019,8180.04,8187.84,8137.66,8185.8
23/10/2019,8090.24,8122.89,8078.35,8119.79
22/10/2019,8188.12,8194.62,8101.98,8104.3
21/10/2019,8137.42,8164.14,8117.26,8162.99
18/10/2019,8149.85,8157.36,8045.38,8089.54
17/10/2019,8176.91,8183.64,8131.25,8156.85
16/10/2019,8119.81,8146.15,8103.38,8124.18
15/10/2019,8074.85,8166.18,8071.81,8148.71
14/10/2019,8044.35,8069.85,8036.41,8048.65
11/10/2019,8047.34,8115.8,8046.8,8057.04
10/10/2019,7904.56,7982.85,7899.81,7950.78
09/10/2019,7895.96,7930.92,7873.52,7903.74
08/10/2019,7898.27,7921.88,7823.73,7823.78
07/10/2019,7956.41,8013.32,7942.08,7956.29
04/10/2019,7908.44,7986.62,7899.39,7982.47
03/10/2019,7787.02,7872.27,7700,7872.27
02/10/2019,7851.13,7852.7,7744.96,7785.25
01/10/2019,8026.83,8062.5,7906.29,7908.69
30/09/2019,7964.09,8012.17,7949.63,7999.34
27/09/2019,8047.11,8051.83,7890.28,7939.63
26/09/2019,8070.12,8072.11,7991.02,8030.66
25/09/2019,7990.66,8095,7935.57,8077.38
24/09/2019,8147.24,8158.84,7969.66,7993.63
23/09/2019,8106.49,8135.81,8085.34,8112.46
20/09/2019,8184.88,8202.82,8086.16,8117.67
19/09/2019,8193.59,8237.43,8174.32,8182.88
18/09/2019,8174.62,8179.87,8086.22,8177.39
17/09/2019,8148.65,8188.23,8139.82,8186.02
16/09/2019,8121.64,8165.33,8121.25,8153.54
13/09/2019,8190.57,8210.2,8165.47,8176.71
12/09/2019,8206.59,8243.8,8179.25,8194.47
11/09/2019,8091.68,8169.68,8081.56,8169.68
10/09/2019,8049.98,8086.53,8001.69,8084.16
09/09/2019,8130.91,8131.66,8052.35,8087.44
06/09/2019,8125.58,8134.39,8098.52,8103.07
05/09/2019,8061.29,8134.42,8061.29,8116.83
04/09/2019,7949.81,7981.41,7928.94,7976.88
03/09/2019,7906.44,7940.37,7847.32,7874.16
30/08/2019,8015.16,8017.91,7914.74,7962.88
29/08/2019,7945.78,7992.29,7925.83,7973.39
28/08/2019,7798.35,7866.87,7766.67,7856.88
27/08/2019,7908.78,7916.83,7795.18,7826.95
26/08/2019,7829.58,7856.04,7789.05,7853.74
23/08/2019,7943.65,8005.34,7730.77,7751.77
22/08/2019,8038.79,8048.58,7937.13,7991.39
21/08/2019,8017.07,8036.94,7998.5,8020.21
20/08/2019,7989.36,8010.58,7948.09,7948.56
19/08/2019,8006.18,8026.75,7974.36,8002.81
16/08/2019,7828.35,7907.52,7828.35,7895.99
15/08/2019,7790.2,7805.93,7716.55,7766.62
14/08/2019,7877.33,7900.28,7762.87,7773.94
13/08/2019,7852.37,8065.24,7851.58,8016.36
12/08/2019,7907.49,7924.99,7833.79,7863.41
09/08/2019,7997.19,8020.56,7910.35,7959.14
08/08/2019,7921.59,8041.12,7896.15,8039.16
07/08/2019,7747.27,7881.38,7702.42,7862.83
06/08/2019,7804.51,7845.01,7739.58,7833.27
05/08/2019,7823.33,7836.45,7662.9,7726.04
02/08/2019,8056.42,8068.8,7953.67,8004.07
01/08/2019,8190.56,8311.04,8080.52,8111.12
31/07/2019,8290.8,8299.83,8110.02,8175.42
30/07/2019,8231.77,8295.46,8228.02,8273.61
29/07/2019,8325.1,8325.28,8247.37,8293.33
26/07/2019,8294.3,8339.64,8291.12,8330.21
25/07/2019,8294.68,8295.95,8233.4,8238.54
24/07/2019,8227.36,8321.81,8226.51,8321.5
23/07/2019,8242.5,8251.83,8193.89,8251.4
22/07/2019,8171.99,8218.42,8171.54,8204.14
19/07/2019,8241.34,8245.78,8144.63,8146.49
18/07/2019,8151.76,8215.58,8135.12,8207.24
17/07/2019,8224,8230.67,8184.66,8185.21
16/07/2019,8251.66,8259.75,8204.23,8222.8
15/07/2019,8263.18,8264.78,8236.27,8258.19
12/07/2019,8209.2,8245.66,8201.52,8244.14
11/07/2019,8219.28,8226.19,8171.63,8196.04
10/07/2019,8183.2,8228.6,8160.56,8202.53
09/07/2019,8061.41,8146.98,8061.32,8141.73
08/07/2019,8112.91,8112.91,8078.39,8098.38
05/07/2019,8123.28,8171.97,8093.66,8161.79
03/07/2019,8129.57,8170.23,8122.34,8170.23
02/07/2019,8086.65,8109.37,8063.11,8109.09
01/07/2019,8145.85,8150.45,8059.29,8091.16
28/06/2019,7988.76,8010.15,7961.46,8006.24
27/06/2019,7939.36,7976.58,7935.47,7967.76
26/06/2019,7933.93,7974.28,7903.07,7909.97
25/06/2019,8005.27,8007.31,7879.16,7884.72
24/06/2019,8040.58,8047.56,8004.63,8005.7
21/06/2019,8028.69,8073.02,8011.2,8031.71
20/06/2019,8087.45,8088.88,7996.87,8051.34
19/06/2019,7970.26,7998.59,7930.38,7987.32
18/06/2019,7920.98,8005.21,7911.67,7953.88
17/06/2019,7819.43,7865.98,7812.61,7845.02
14/06/2019,7807.19,7819.21,7778.13,7796.66
13/06/2019,7822.56,7848.36,7813.6,7837.13
12/06/2019,7803.13,7819.16,7773.97,7792.72
11/06/2019,7901.04,7909.99,7798.63,7822.57
10/06/2019,7798.87,7895.44,7795.76,7823.17
07/06/2019,7652.97,7767.02,7647.91,7742.1
06/06/2019,7582.24,7634.12,7546.22,7615.55
05/06/2019,7585.68,7589.47,7498.17,7575.48
04/06/2019,7413.94,7529.5,7385.02,7527.12
03/06/2019,7441.22,7457.66,7292.22,7333.02
31/05/2019,7470.95,7506.86,7448.23,7453.15
30/05/2019,7565.46,7595.9,7527.66,7567.72
29/05/2019,7553.02,7581.11,7503.94,7547.31
28/05/2019,7655.66,7693.74,7603.76,7607.35
24/05/2019,7675.57,7694.15,7631.25,7637.01
23/05/2019,7660.72,7665.15,7585.32,7628.28
22/05/2019,7749.81,7786.33,7738.35,7750.84
21/05/2019,7765.57,7804.44,7752.92,7785.72
20/05/2019,7714.06,7747.27,7678.35,7702.38
17/05/2019,7829.03,7918.71,7810.35,7816.29
16/05/2019,7832.58,7946.23,7826.68,7898.05
15/05/2019,7682.8,7838.72,7682.24,7822.15
14/05/2019,7689.66,7776.2,7665.3,7734.49
13/05/2019,7720.07,7760.83,7627.23,7647.02
10/05/2019,7881.31,7949.34,7759.34,7916.94
09/05/2019,7853.21,7929.78,7796.16,7910.59
08/05/2019,7946.24,8004.49,7923.35,7943.32
07/05/2019,8043.52,8070.97,7899.02,7963.76
06/05/2019,7981.85,8135.54,7981.85,8123.29
03/05/2019,8092.88,8164.71,8084.8,8164
02/05/2019,8046.48,8094.06,7976.77,8036.77
01/05/2019,8132.93,8146,8049.64,8049.64
30/04/2019,8104.91,8124.61,8050.55,8095.39
29/04/2019,8147.65,8176.08,8136.41,8161.85
26/04/2019,8100.28,8146.42,8060.89,8146.4
25/04/2019,8150.85,8151.85,8075.41,8118.68
24/04/2019,8122.88,8139.55,8101.7,8102.02
23/04/2019,8026.75,8128.88,8023.81,8120.82
22/04/2019,7969.37,8017.15,7965.9,8015.27
18/04/2019,7998.45,8002.31,7950.97,7998.06
17/04/2019,8044.97,8052.4,7973.38,7996.08
16/04/2019,8000.57,8017.56,7978.81,8000.23
15/04/2019,7987.16,7993.33,7933.57,7976.01
12/04/2019,7984.15,7992.09,7952.61,7984.16
11/04/2019,7975.2,7975.2,7933.41,7947.36
10/04/2019,7922.73,7965.33,7916.9,7964.24
09/04/2019,7924.77,7945.55,7897.61,7909.28
08/04/2019,7924.89,7955.9,7891.85,7953.88
05/04/2019,7914.51,7940.45,7909.14,7938.69
04/04/2019,7894.26,7917.65,7844.96,7891.78
03/04/2019,7891.18,7938.26,7870.9,7895.55
02/04/2019,7824.61,7854.92,7811.28,7848.69
01/04/2019,7800.24,7831.45,7777.1,7828.91
29/03/2019,7726.71,7733.63,7688.51,7729.32
28/03/2019,7660.07,7689.16,7619.82,7669.17
27/03/2019,7702.05,7712.84,7582.09,7643.38
26/03/2019,7700,7738.17,7649.21,7691.52
25/03/2019,7618.98,7662.38,7579.29,7637.54
22/03/2019,7800.25,7817.83,7642.57,7642.67
21/03/2019,7705.43,7850.11,7705.43,7838.96
20/03/2019,7721.95,7779.24,7674.04,7728.97
19/03/2019,7747.4,7767.89,7699.16,7723.95
18/03/2019,7696.38,7737.67,7677.74,7714.48
15/03/2019,7658.41,7714.96,7652.04,7688.53
14/03/2019,7644.79,7653.1,7627.02,7630.91
13/03/2019,7621.38,7677.07,7619.46,7643.41
12/03/2019,7571.85,7611.13,7560.46,7591.03
11/03/2019,7442.56,7558.23,7442.4,7558.06
08/03/2019,7334.35,7411.52,7332.92,7408.14
07/03/2019,7483.79,7489.08,7397.19,7421.46
06/03/2019,7575.38,7579.02,7499.87,7505.92
05/03/2019,7582.29,7598.66,7543.54,7576.36
04/03/2019,7636.62,7643.66,7501.56,7577.57
01/03/2019,7587.45,7603.04,7540.75,7595.35
28/02/2019,7533.31,7561.9,7516.48,7532.53
27/02/2019,7526.42,7562.3,7485.39,7554.51
26/02/2019,7535.29,7573.22,7524.31,7549.3
25/02/2019,7585.3,7602.69,7551.61,7554.46
22/02/2019,7481.63,7527.55,7479.01,7527.55
21/02/2019,7475.41,7485.75,7430.89,7459.71
20/02/2019,7490.31,7513.7,7455.25,7489.07
19/02/2019,7450.75,7507.79,7450.27,7486.77
15/02/2019,7468.57,7477.28,7440.26,7472.41
14/02/2019,7390.25,7454.42,7375.71,7426.96
13/02/2019,7437.46,7461.67,7413.84,7420.38
12/02/2019,7358.85,7419.43,7349.81,7414.62
11/02/2019,7327.37,7343.56,7290.03,7307.91
08/02/2019,7232.3,7299.44,7225.14,7298.2
07/02/2019,7316.5,7336.74,7235.05,7288.35
06/02/2019,7400.44,7410.78,7346.72,7375.28
05/02/2019,7356.34,7408.69,7355.36,7402.08
04/02/2019,7266.28,7348.23,7261.07,7347.54
01/02/2019,7256.37,7299.94,7243.41,7263.87
31/01/2019,7208.17,7303.12,7205.95,7281.74
30/01/2019,7094.79,7201.31,7065.57,7183.08
29/01/2019,7087.49,7092.29,7011.47,7028.29
28/01/2019,7075.01,7086.3,7034.25,7085.69
25/01/2019,7128.19,7174.56,7111.09,7164.86
24/01/2019,7042.25,7078.96,7029.95,7073.46
23/01/2019,7061.65,7084.85,6953.23,7025.77
22/01/2019,7109.57,7110.16,6979.81,7020.36
18/01/2019,7134.1,7185.38,7096.62,7157.23
17/01/2019,7010.13,7113.95,7003.62,7084.46
16/01/2019,7033.75,7079.63,7028.12,7034.69
15/01/2019,6931.39,7025.85,6928.12,7023.83
14/01/2019,6908.03,6936.22,6887.48,6905.92
11/01/2019,6947.46,6975.65,6933.6,6971.48
10/01/2019,6908.65,6991.37,6877.08,6986.07
09/01/2019,6923.06,6985.22,6899.56,6957.08
08/01/2019,6893.44,6909.58,6795.86,6897
07/01/2019,6757.54,6855.6,6741.4,6823.47
04/01/2019,6567.14,6760.69,6554.24,6738.86
03/01/2019,6584.77,6600.21,6457.13,6463.5
02/01/2019,6506.91,6693.71,6506.88,6665.94
31/12/2018,6649.52,6659.96,6570.06,6635.28
28/12/2018,6616.79,6684.18,6529.22,6584.52
27/12/2018,6457.19,6583.01,6336.97,6579.49
26/12/2018,6257.86,6555.53,6214.34,6554.36
24/12/2018,6278.49,6355.18,6190.17,6192.92
21/12/2018,6573.49,6586.68,6304.63,6332.99
20/12/2018,6607.76,6666.2,6447.91,6528.41
19/12/2018,6777.59,6868.86,6586.5,6636.83
18/12/2018,6809.82,6847.27,6733.71,6783.91
17/12/2018,6886.46,6931.81,6710.01,6753.73
14/12/2018,6986.37,7027.17,6898.99,6910.67
13/12/2018,7135.28,7154.64,7034.82,7070.33
12/12/2018,7127,7197.29,7096.56,7098.31
11/12/2018,7121.66,7129.83,6983.01,7031.83
10/12/2018,6959.63,7047.62,6878.99,7020.52
07/12/2018,7163.49,7205.37,6945.27,6969.25
06/12/2018,7017.05,7189.52,6984.34,7188.26
04/12/2018,7407.95,7421.11,7150.11,7158.43
03/12/2018,7486.13,7486.51,7392.22,7441.51
30/11/2018,7279.3,7332.79,7256.42,7330.54
29/11/2018,7267.37,7319.96,7217.69,7273.08
28/11/2018,7135.08,7292.71,7090.98,7291.59
27/11/2018,7041.23,7105.14,7014.36,7082.7
26/11/2018,7026.5,7083.93,7003.12,7081.85
23/11/2018,6919.52,6987.89,6919.16,6938.98
21/11/2018,6985.51,7029.93,6951.62,6972.25
20/11/2018,6867.43,6994.75,6830.76,6908.82
19/11/2018,7217.24,7223.48,7011.4,7028.48
16/11/2018,7193.6,7274.86,7171.7,7247.87
15/11/2018,7112.83,7274.26,7072.36,7259.03
14/11/2018,7265.39,7285.57,7101.17,7136.39
13/11/2018,7230.69,7319.12,7182.86,7200.88
12/11/2018,7364.05,7371.09,7193.77,7200.87
09/11/2018,7468.51,7474.34,7349.49,7406.9
08/11/2018,7544.17,7566.93,7499.71,7530.89
07/11/2018,7446.09,7572.93,7435.87,7570.75
06/11/2018,7326.07,7400.64,7320.89,7375.96
05/11/2018,7344.08,7349.23,7255.88,7328.85
02/11/2018,7424.02,7466.53,7298.68,7356.99
01/11/2018,7327.82,7435.88,7286.5,7434.06
31/10/2018,7276.62,7368.49,7270.63,7305.9
30/10/2018,7017.87,7166.84,7001.48,7161.65
29/10/2018,7272.42,7295.62,6922.83,7050.29
26/10/2018,7125.18,7283.32,7057,7167.21
25/10/2018,7197.49,7364.82,7178.54,7318.34
24/10/2018,7423.21,7435.69,7099,7108.4
23/10/2018,7328.55,7472.58,7260.13,7437.54
22/10/2018,7486.74,7520.54,7424.74,7468.63
19/10/2018,7530.16,7582.89,7428.3,7449.03
18/10/2018,7616.47,7616.86,7452.46,7485.14
17/10/2018,7669.26,7670.5,7563.09,7642.7
16/10/2018,7501.78,7658.14,7493.44,7645.49
15/10/2018,7473.33,7500.93,7400.07,7430.74
12/10/2018,7507.84,7516.69,7368.33,7496.89
11/10/2018,7388.07,7493.21,7274.04,7329.06
10/10/2018,7694.08,7701.2,7420.56,7422.05
09/10/2018,7728.51,7799.75,7718.95,7738.02
08/10/2018,7747.1,7797.32,7654.84,7735.95
05/10/2018,7874.76,7902.67,7715.97,7788.45
04/10/2018,7993.33,7997.17,7833.16,7879.51
03/10/2018,8034.65,8053.93,8012.03,8025.09
02/10/2018,8024.48,8054.16,7983.99,7999.55
01/10/2018,8091.5,8107.38,8019.77,8037.3
28/09/2018,8024.5,8065.06,8015.87,8046.35
27/09/2018,8021.22,8071.56,8017.91,8041.97
26/09/2018,8011.68,8067.03,7982.77,7990.37
25/09/2018,8001.59,8014.12,7979.29,8007.47
24/09/2018,7939.38,7997.9,7912.47,7993.25
21/09/2018,8041.69,8057.26,7979.67,7986.96
20/09/2018,7993.53,8039.07,7986.41,8028.23
19/09/2018,7962.55,7976.13,7917.73,7950.04
18/09/2018,7903.57,7986.1,7901.01,7956.11
17/09/2018,7992.21,8002.78,7890.07,7895.79
14/09/2018,8026.16,8040.83,7979.78,8010.04
13/09/2018,7999.93,8037.51,7989.85,8013.71
12/09/2018,7958.87,7965.39,7884.05,7954.23
11/09/2018,7894.87,7972.47,7880.93,7972.47
10/09/2018,7939.57,7945.03,7890.39,7924.16
07/09/2018,7878.79,7962.54,7873.93,7902.54
06/09/2018,7998.27,8001.97,7885.49,7922.73
05/09/2018,8073.53,8077.84,7962.35,7995.17
04/09/2018,8087.96,8104.07,8042.14,8091.25
31/08/2018,8079.31,8119.82,8079.31,8109.54
30/08/2018,8094.2,8133.3,8069.57,8088.36
29/08/2018,8044.34,8113.56,8042.1,8109.69
28/08/2018,8039.01,8046.32,8009.59,8030.04
27/08/2018,7989.64,8024.94,7976.6,8017.9
24/08/2018,7907.81,7949.71,7907.11,7945.98
23/08/2018,7886.47,7926.32,7866.53,7878.46
22/08/2018,7844.04,7897.63,7840.84,7889.1
21/08/2018,7840.09,7897.68,7836.79,7859.17
20/08/2018,7834.37,7837.14,7787.9,7821.01
17/08/2018,7786.64,7830.78,7752.68,7816.33
16/08/2018,7826.95,7849.67,7795.74,7806.52
15/08/2018,7810.02,7832.66,7732.69,7774.12
14/08/2018,7847.88,7878.23,7815.5,7870.89
13/08/2018,7848,7888.66,7814.27,7819.71
10/08/2018,7834.71,7866.19,7818.37,7839.11
09/08/2018,7886.52,7923.35,7881.06,7891.78
08/08/2018,7880,7901.69,7864.46,7888.33
07/08/2018,7878.62,7898.2,7868.65,7883.66
06/08/2018,7809.54,7859.68,7801.88,7859.68
03/08/2018,7819.23,7824.06,7783.3,7812.02
02/08/2018,7659.52,7808.85,7659.52,7802.69
01/08/2018,7701.82,7732.68,7670.71,7707.29
31/07/2018,7654.59,7709.49,7614.84,7671.79
30/07/2018,7735.27,7740.26,7604.24,7630
27/07/2018,7889.75,7889.75,7698.96,7737.42
26/07/2018,7848.04,7881.3,7834.08,7852.19
25/07/2018,7839.09,7933.31,7838.76,7932.24
24/07/2018,7914.35,7928.79,7814.33,7840.77
23/07/2018,7806.93,7846.76,7776.55,7841.87
20/07/2018,7843.08,7860.25,7815.86,7820.2
19/07/2018,7829.8,7849.85,7811.15,7825.3
18/07/2018,7859.43,7863.77,7822.83,7854.44
17/07/2018,7751.98,7867.15,7749.61,7855.12
16/07/2018,7831.74,7838.82,7791.98,7805.72
13/07/2018,7827.62,7843.53,7803.34,7825.98
12/07/2018,7752.71,7825.67,7746.76,7823.92
11/07/2018,7698.51,7748.17,7696.58,7716.61
10/07/2018,7770.63,7777.48,7731.98,7759.2
09/07/2018,7731.75,7757.28,7702.06,7756.2
06/07/2018,7595.93,7695.81,7588.65,7688.39
05/07/2018,7550.66,7589.19,7511.43,7586.43
03/07/2018,7593.63,7594.33,7498.5,7502.67
02/07/2018,7451.9,7568.1,7443.1,7567.69
29/06/2018,7544.13,7573.59,7502.95,7510.3
28/06/2018,7438.11,7526.07,7419.56,7503.68
27/06/2018,7586.33,7610.67,7444.17,7445.09
26/06/2018,7553.74,7597.49,7527,7561.63
25/06/2018,7631.12,7639.73,7477.73,7532.01
22/06/2018,7739.69,7739.71,7679.12,7692.82
21/06/2018,7800.3,7803.45,7699.2,7712.95
20/06/2018,7764.15,7806.6,7755.48,7781.52
19/06/2018,7658.47,7727.41,7635.73,7725.59
18/06/2018,7692.96,7749.36,7676.83,7747.03
15/06/2018,7725.03,7755.72,7704.34,7746.38
14/06/2018,7723.53,7768.6,7723.53,7761.04
13/06/2018,7713.9,7748.96,7686.65,7695.7
12/06/2018,7673.87,7708.25,7669.53,7703.79
11/06/2018,7647.24,7677.29,7642.87,7659.93
08/06/2018,7607.74,7653.58,7595.14,7645.51
07/06/2018,7697.41,7697.41,7597.66,7635.07
06/06/2018,7652.81,7691.65,7622.32,7689.24
05/06/2018,7621.36,7644.48,7602.38,7637.86
04/06/2018,7570.08,7607.17,7561.2,7606.46
01/06/2018,7487.66,7557.38,7487.23,7554.33
31/05/2018,7455.58,7492.42,7431.42,7442.12
30/05/2018,7428.41,7473.81,7423.67,7462.45
29/05/2018,7398.51,7435.13,7354.29,7396.59
25/05/2018,7422.2,7452.85,7415.58,7433.85
24/05/2018,7421.99,7435.38,7357.5,7424.43
23/05/2018,7335.03,7426.78,7334.62,7425.96
22/05/2018,7420.85,7432.53,7370.33,7378.46
21/05/2018,7406.34,7431.83,7368.21,7394.04
18/05/2018,7364.34,7381.16,7343.97,7354.34
17/05/2018,7379.58,7425.39,7350.46,7382.47
16/05/2018,7356.22,7413.32,7356.16,7398.3
15/05/2018,7361.3,7363.52,7320.97,7351.63
14/05/2018,7429.45,7458.42,7401.89,7411.32
11/05/2018,7393.97,7417.67,7372.26,7402.88
10/05/2018,7355.9,7414.15,7353.63,7404.98
09/05/2018,7281.53,7344.8,7259.05,7339.91
08/05/2018,7255.34,7278.81,7224.7,7266.9
07/05/2018,7241.82,7291.74,7235.76,7265.21
04/05/2018,7065.67,7228.26,7057.89,7209.62
03/05/2018,7065.03,7112.59,6991.14,7088.15
02/05/2018,7138.45,7169.46,7094.72,7100.9
01/05/2018,7053.65,7133.27,7036.18,7130.7
30/04/2018,7133.95,7169.8,7065.41,7066.27
27/04/2018,7195.52,7197.16,7083.95,7119.8
26/04/2018,7080.49,7143.94,7055.66,7118.68
25/04/2018,7009.99,7030.74,6926.98,7003.74
24/04/2018,7160.77,7171.67,6961.52,7007.35
23/04/2018,7173.99,7195.72,7094.43,7128.6
20/04/2018,7220.64,7222.99,7123.49,7146.13
19/04/2018,7258.62,7277.45,7215.18,7238.06
18/04/2018,7292.38,7319.58,7259.9,7295.24
17/04/2018,7215.12,7298.59,7206.55,7281.1
16/04/2018,7153.87,7178.51,7115.85,7156.29
13/04/2018,7179.62,7183.62,7078.14,7106.65
12/04/2018,7112.02,7166,7105.09,7140.25
11/04/2018,7055,7128.54,7055,7069.03
10/04/2018,7060.99,7117.98,7014.88,7094.3
09/04/2018,6971.45,7074.95,6944.96,6950.34
06/04/2018,6999.57,7066.64,6877.76,6915.11
05/04/2018,7099.25,7112.38,7036.62,7076.55
04/04/2018,6811.77,7059.29,6811.77,7042.11
03/04/2018,6924.35,6963.71,6835.24,6941.28
02/04/2018,7016.17,7044.71,6805.96,6870.12
29/03/2018,6984.66,7120.46,6935.78,7063.45
28/03/2018,6978.3,7036.09,6901.07,6949.23
27/03/2018,7255.47,7255.54,6963.68,7008.81
26/03/2018,7125.2,7225.84,7022.34,7220.54
23/03/2018,7170.68,7194.31,6992.67,6992.67
22/03/2018,7257.55,7303.19,7164.38,7166.68
21/03/2018,7347.5,7415.66,7325.35,7345.29
20/03/2018,7353.25,7380.74,7331.24,7364.3
19/03/2018,7419.2,7421.23,7285.27,7344.24
16/03/2018,7504.37,7514.21,7473.68,7481.99
15/03/2018,7509.24,7522.33,7463.19,7481.74
14/03/2018,7539.78,7544.89,7473.9,7496.81
13/03/2018,7627.52,7637.27,7492.98,7511.01
12/03/2018,7581.04,7609.1,7563.44,7588.33
09/03/2018,7475.98,7560.81,7469.03,7560.81
08/03/2018,7422.77,7435.01,7391.5,7427.95
07/03/2018,7311.74,7403.79,7311.74,7396.65
06/03/2018,7366.61,7378.03,7319.68,7372.01
05/03/2018,7222.89,7350.07,7205.31,7330.71
02/03/2018,7099.54,7267.19,7084.83,7257.87
01/03/2018,7274.75,7307.85,7117.66,7180.56
28/02/2018,7371.41,7386.8,7273.01,7273.01
27/02/2018,7416.17,7438.09,7330.35,7330.35
26/02/2018,7373.3,7421.85,7360.25,7421.46
23/02/2018,7261.35,7337.83,7232.5,7337.39
22/02/2018,7252.47,7280.93,7194.84,7210.09
21/02/2018,7258.48,7338.64,7218.11,7218.23
20/02/2018,7209.03,7295.95,7206,7234.31
16/02/2018,7236.52,7303.26,7226.38,7239.47
15/02/2018,7200.75,7256.93,7130.39,7256.43
14/02/2018,6979.24,7152.05,6977.07,7143.62
13/02/2018,6942.16,7025.68,6938.17,7013.51
12/02/2018,6936.68,7023.62,6879.69,6981.96
09/02/2018,6863.34,6917.01,6630.67,6874.49
08/02/2018,7067.3,7073.99,6776.77,6777.16
07/02/2018,7086.2,7170.34,7051.53,7051.98
06/02/2018,6837.56,7126.55,6824.82,7115.88
05/02/2018,7163.41,7277.36,6967.53,6967.53
02/02/2018,7347.59,7364.43,7238.18,7240.95
01/02/2018,7377.17,7441.09,7362.28,7385.86
31/01/2018,7443.25,7453.99,7381.13,7411.48
30/01/2018,7388.89,7433.65,7373.99,7402.48
29/01/2018,7484.47,7500.61,7455.55,7466.51
26/01/2018,7448.33,7505.77,7431.22,7505.77
25/01/2018,7457.95,7458.53,7388.58,7411.16
24/01/2018,7474.16,7486.32,7376.75,7415.06
23/01/2018,7424.95,7465.39,7423.18,7460.29
22/01/2018,7338.04,7408.03,7332.81,7408.03
19/01/2018,7312,7336.38,7297.29,7336.38
18/01/2018,7293.65,7313.89,7276.11,7296.05
17/01/2018,7257.77,7309.36,7229.32,7298.28
16/01/2018,7307.19,7330.33,7205.93,7223.69
12/01/2018,7208.17,7265.26,7205.18,7261.06
11/01/2018,7168.73,7211.78,7163.23,7211.78
10/01/2018,7129.83,7154.24,7111.52,7153.57
09/01/2018,7174.19,7181.14,7148.3,7163.58
08/01/2018,7135.38,7161.35,7124.09,7157.39
05/01/2018,7105.74,7137.04,7097.08,7136.56
04/01/2018,7089.5,7098.05,7072.38,7077.92
03/01/2018,7017.07,7069.15,7016.7,7065.53
02/01/2018,6937.65,7006.91,6924.08,7006.9
29/12/2017,6952.61,6954.98,6903.39,6903.39
28/12/2017,6953.38,6954.8,6936.75,6950.16
27/12/2017,6941.45,6955.38,6931.34,6939.34
26/12/2017,6928.92,6942.14,6915.56,6936.25
22/12/2017,6958.02,6962.26,6944.45,6959.96
21/12/2017,6972.88,6992.63,6961.21,6965.36
20/12/2017,6991.26,6991.26,6935.42,6960.96
19/12/2017,6991.25,6995.88,6951.49,6963.85
18/12/2017,6980.4,7003.89,6975.55,6994.76
15/12/2017,6871.55,6945.82,6871.46,6936.58
14/12/2017,6887.39,6901.13,6851.63,6856.53
13/12/2017,6880.41,6897.62,6871.87,6875.8
12/12/2017,6872.72,6884.81,6856.3,6862.32
11/12/2017,6847.64,6879.8,6844.88,6875.08
08/12/2017,6859.95,6870.48,6831.61,6840.08
07/12/2017,6785.74,6829.29,6778.2,6812.84
06/12/2017,6742.07,6787.42,6734.13,6776.38
05/12/2017,6759.14,6836.46,6752.32,6762.21
04/12/2017,6897.14,6899.23,6770.69,6775.37
01/12/2017,6844.04,6872.18,6737.16,6847.59
30/11/2017,6852.8,6888.65,6838.48,6873.97
29/11/2017,6907.28,6908.33,6793.95,6824.39
28/11/2017,6893.72,6914.19,6866.21,6912.36
27/11/2017,6889.91,6897.43,6867.89,6878.52
24/11/2017,6878.11,6890.02,6873.74,6889.16
22/11/2017,6869.53,6874.52,6859.28,6867.36
21/11/2017,6820.55,6862.66,6820.02,6862.48
20/11/2017,6789.28,6795.83,6779.49,6790.71
17/11/2017,6794.45,6797.75,6777.43,6782.79
16/11/2017,6742.34,6806.67,6742.34,6793.29
15/11/2017,6700.68,6725.32,6667.31,6706.21
14/11/2017,6733.87,6743.63,6709.27,6737.87
13/11/2017,6727.39,6766.3,6723.43,6757.6
10/11/2017,6736.39,6757.35,6727.35,6750.94
09/11/2017,6737.45,6758.93,6687.28,6750.05
08/11/2017,6764.85,6791.65,6753.34,6789.12
07/11/2017,6785.44,6795.52,6750.35,6767.78
06/11/2017,6763.3,6790.67,6763.17,6786.44
03/11/2017,6737.09,6765.14,6712.93,6764.44
02/11/2017,6709.39,6719.97,6677.55,6714.94
01/11/2017,6758.64,6759.66,6691.48,6716.53
31/10/2017,6713.71,6737.75,6705.79,6727.67
30/10/2017,6693.77,6727.39,6677.15,6698.96
27/10/2017,6635.03,6708.13,6625.78,6701.26
26/10/2017,6567.59,6582.76,6550.03,6556.77
25/10/2017,6587.22,6600.64,6517.93,6563.89
24/10/2017,6598.6,6611.9,6582.06,6598.43
23/10/2017,6641.57,6641.57,6581.15,6586.83
20/10/2017,6633.37,6640.03,6622.92,6629.05
19/10/2017,6583.7,6605.29,6558.53,6605.07
18/10/2017,6634.26,6635.52,6613.55,6624.22
17/10/2017,6621.42,6628.6,6613.21,6623.66
16/10/2017,6622.55,6632.5,6607.03,6624
13/10/2017,6613.21,6616.58,6602.2,6605.8
12/10/2017,6594.76,6613.5,6586.32,6591.51
11/10/2017,6586.73,6604.21,6577.99,6603.55
10/10/2017,6602.49,6608.3,6561.78,6587.25
09/10/2017,6597.37,6599.34,6572.44,6579.73
06/10/2017,6566.95,6590.18,6566.84,6590.18
05/10/2017,6552.87,6587.21,6547.65,6585.36
04/10/2017,6521.96,6546.46,6513.12,6534.63
03/10/2017,6523.74,6532.18,6509.71,6531.71
02/10/2017,6506.08,6527.22,6484.14,6516.72
29/09/2017,6461.28,6497.98,6454.86,6495.96
28/09/2017,6437.96,6456.23,6427.66,6453.45
27/09/2017,6414.37,6472.65,6405.36,6453.26
26/09/2017,6391.85,6405,6364.57,6380.16
25/09/2017,6403.11,6408.05,6343.96,6370.59
22/09/2017,6401.44,6429.54,6400.81,6426.92
21/09/2017,6448.57,6448.57,6405.3,6422.69
20/09/2017,6459.74,6466.05,6414.23,6456.04
19/09/2017,6465.57,6467.79,6446.75,6461.32
18/09/2017,6460.1,6477.77,6438.41,6454.64
15/09/2017,6426.16,6464.27,6419.65,6448.47
14/09/2017,6439.46,6455.32,6424.04,6429.08
13/09/2017,6440.72,6460.42,6433.2,6460.19
12/09/2017,6448.81,6455.02,6429.54,6454.28
11/09/2017,6411.18,6439.11,6410.71,6432.26
08/09/2017,6389.65,6391.41,6354.96,6360.19
07/09/2017,6402.94,6413.07,6379.81,6397.87
06/09/2017,6394.35,6407.4,6356.2,6393.31
05/09/2017,6414.82,6426.51,6334.59,6375.57
01/09/2017,6442.17,6449.65,6417.87,6435.33
31/08/2017,6385.8,6435.27,6383.58,6428.66
30/08/2017,6308.68,6374.47,6303.57,6368.31
29/08/2017,6228.9,6311.26,6228.73,6301.89
28/08/2017,6286.01,6292.26,6267.85,6283.02
25/08/2017,6293.81,6308.72,6257.1,6265.64
24/08/2017,6294.82,6302.85,6244.57,6271.33
23/08/2017,6263.47,6291.3,6263.29,6278.41
22/08/2017,6241.21,6302.84,6241.21,6297.48
21/08/2017,6216.32,6226.93,6177.19,6213.13
18/08/2017,6222.46,6254.22,6193.38,6216.53
17/08/2017,6322.72,6334.23,6221.91,6221.91
16/08/2017,6348.11,6374.56,6330.27,6345.11
15/08/2017,6350.51,6350.74,6324.75,6333.01
14/08/2017,6306.11,6346.83,6305.55,6340.23
11/08/2017,6222.18,6266.89,6216.19,6256.56
10/08/2017,6312.65,6318.28,6214.41,6216.87
09/08/2017,6322.92,6355.04,6309.44,6352.33
08/08/2017,6373.33,6423.35,6355.88,6370.46
07/08/2017,6361.06,6386.03,6356.23,6383.77
04/08/2017,6350.79,6361.49,6329.73,6351.56
03/08/2017,6366.24,6368.53,6331.14,6340.34
02/08/2017,6393.1,6394.21,6313.43,6362.65
01/08/2017,6372.16,6375.75,6345.75,6362.94
31/07/2017,6394.69,6396.59,6338.79,6348.12
28/07/2017,6350.27,6379.7,6337.22,6374.68
27/07/2017,6459.76,6460.84,6318.62,6382.19
26/07/2017,6425.93,6432.38,6416.3,6422.75
25/07/2017,6407.59,6425.45,6396.87,6412.17
24/07/2017,6387.82,6417.7,6380.61,6410.81
21/07/2017,6383.05,6388.78,6365.12,6387.75
20/07/2017,6396.46,6398.26,6365.68,6390
19/07/2017,6363.24,6387.73,6362.19,6385.04
18/07/2017,6304.82,6344.55,6291.07,6344.31
17/07/2017,6320.35,6330.97,6307.34,6314.43
14/07/2017,6289.08,6321.76,6278.7,6312.47
13/07/2017,6269.1,6281.45,6251.26,6274.44
12/07/2017,6238.9,6265.64,6236.82,6261.17
11/07/2017,6171.25,6200.58,6149.87,6193.3
10/07/2017,6156.03,6191.27,6141.83,6176.39
07/07/2017,6111.21,6164.94,6111.21,6153.08
06/07/2017,6109.6,6127.98,6081.96,6089.46
05/07/2017,6122.06,6163.62,6100.42,6150.86
03/07/2017,6173.29,6177.36,6106.12,6110.06
30/06/2017,6166.84,6170.63,6129.04,6140.42
29/06/2017,6215.49,6216.6,6087.81,6144.35
28/06/2017,6173.1,6238.29,6144.8,6234.41
27/06/2017,6227.9,6234.32,6146.62,6146.62
26/06/2017,6292.73,6303.45,6233.43,6247.15
23/06/2017,6234.35,6269.37,6218.78,6265.25
22/06/2017,6239.15,6257.68,6221.96,6236.69
21/06/2017,6202.75,6236.66,6200.86,6233.95
20/06/2017,6229.62,6234.01,6186.94,6188.03
19/06/2017,6196.85,6243.31,6194,6239.01
16/06/2017,6154.28,6161.56,6125.5,6151.76
15/06/2017,6127.05,6170.15,6107.85,6165.5
14/06/2017,6237.46,6237.53,6153.55,6194.89
13/06/2017,6206.12,6226.41,6180.04,6220.37
12/06/2017,6153.56,6183.81,6110.67,6175.46
09/06/2017,6330.25,6341.7,6137.68,6207.92
08/06/2017,6311.73,6324.06,6282.93,6321.76
07/06/2017,6290.44,6302.78,6267.18,6297.38
06/06/2017,6281.88,6304.21,6269.86,6275.06
05/06/2017,6305.47,6310.62,6292.14,6295.68
02/06/2017,6261.59,6308.76,6253.77,6305.8
01/06/2017,6215.91,6247.07,6200.45,6246.83
31/05/2017,6221.63,6221.99,6164.07,6198.52
30/05/2017,6204.18,6217.13,6200.41,6203.19
26/05/2017,6207.04,6211.52,6196.66,6210.19
25/05/2017,6183.02,6217.34,6174.52,6205.26
24/05/2017,6154.18,6166.09,6139.33,6163.02
23/05/2017,6149.55,6150.91,6121.79,6138.71
22/05/2017,6098.25,6135.92,6097.24,6133.62
19/05/2017,6070.23,6106.55,6070.23,6083.7
18/05/2017,5998.46,6073.45,5996.81,6055.13
17/05/2017,6108.62,6122.87,6009.48,6011.24
16/05/2017,6160.52,6170.16,6139.1,6169.87
15/05/2017,6128.11,6153.04,6124.79,6149.67
12/05/2017,6119.27,6122.84,6105.42,6121.23
11/05/2017,6110.05,6120.2,6075.68,6115.96
10/05/2017,6121.64,6131.64,6103.87,6129.14
09/05/2017,6111.82,6133,6107.59,6120.59
08/05/2017,6100.66,6106.12,6083.06,6102.66
05/05/2017,6091.69,6100.76,6067.16,6100.76
04/05/2017,6075.06,6080.82,6054.33,6075.34
03/05/2017,6075.04,6076.96,6053.28,6072.55
02/05/2017,6102.51,6102.72,6081.56,6095.37
01/05/2017,6067.56,6100.73,6061.35,6091.6
28/04/2017,6072.87,6074.04,6040.71,6047.61
27/04/2017,6038.47,6050.7,6031.59,6048.94
26/04/2017,6028.12,6040.89,6021.72,6025.23
25/04/2017,6004.16,6036.02,6002.65,6025.49
24/04/2017,5979.96,5989.92,5970.25,5983.82
21/04/2017,5919.02,5919.23,5899.43,5910.52
20/04/2017,5887.87,5926.23,5880.2,5916.78
19/04/2017,5874.43,5894.68,5856.34,5863.03
18/04/2017,5838.59,5860.04,5828.57,5849.47
17/04/2017,5821.55,5856.79,5818.2,5856.79
13/04/2017,5828.37,5856.54,5805.15,5805.15
12/04/2017,5863.59,5868.09,5830.44,5836.16
11/04/2017,5871.16,5878.94,5819.29,5866.77
10/04/2017,5883.43,5907.85,5865.56,5880.93
07/04/2017,5873.94,5892.07,5855.51,5877.81
06/04/2017,5870.52,5889.58,5856.22,5878.95
05/04/2017,5911.92,5936.39,5856.26,5864.48
04/04/2017,5878.76,5901.39,5878.76,5898.61
03/04/2017,5917.32,5928.93,5867.73,5894.68
31/03/2017,5905.63,5927.81,5901.77,5911.74
30/03/2017,5896.15,5916.77,5894,5914.34
29/03/2017,5875.35,5900.87,5870.93,5897.55
28/03/2017,5836.5,5888.7,5828.86,5875.14
27/03/2017,5776.33,5849.2,5769.39,5840.37
24/03/2017,5839.33,5858.95,5807.83,5828.74
23/03/2017,5812.31,5842.82,5806.98,5817.69
22/03/2017,5790.59,5825.67,5781.8,5821.64
21/03/2017,5923.42,5928.06,5790.73,5793.83
20/03/2017,5898.81,5915.12,5888.12,5901.53
17/03/2017,5898.58,5912.61,5890.42,5901
16/03/2017,5907.86,5911.48,5887.24,5900.76
15/03/2017,5869.97,5911.2,5858.16,5900.05
14/03/2017,5860.07,5860.5,5831.88,5856.82
13/03/2017,5863.48,5877.43,5860.83,5875.78
10/03/2017,5867.16,5872.6,5835.44,5861.73
09/03/2017,5834.67,5852.54,5812.08,5838.81
08/03/2017,5838.44,5860.63,5832.63,5837.55
07/03/2017,5836.12,5859.77,5826.32,5833.93
06/03/2017,5846.42,5857.74,5827.46,5849.18
03/03/2017,5854.27,5870.75,5841.47,5870.75
02/03/2017,5897.01,5897.01,5856.3,5861.22
01/03/2017,5874.86,5911.79,5865.79,5904.03
28/02/2017,5852.79,5855.07,5817.22,5825.44
27/02/2017,5835.04,5861.9,5827,5861.9
24/02/2017,5802.33,5845.31,5800.55,5845.31
23/02/2017,5866.82,5866.96,5809.55,5830.19
22/02/2017,5857.56,5864.41,5848.28,5860.63
21/02/2017,5850.2,5867.89,5847.5,5865.95
17/02/2017,5807.31,5838.58,5800.8,5838.58
16/02/2017,5823.01,5835.15,5796.71,5814.9
15/02/2017,5777.9,5821.95,5776.7,5819.44
14/02/2017,5756.51,5783.09,5748.74,5782.57
13/02/2017,5753.19,5770.99,5751.92,5763.96
10/02/2017,5726.17,5743.43,5717.42,5734.13
09/02/2017,5688.02,5722.71,5685.15,5715.18
08/02/2017,5662.95,5686.96,5649.39,5682.45
07/02/2017,5674.86,5689.6,5664.82,5674.22
06/02/2017,5656.95,5668.2,5650.26,5663.55
03/02/2017,5650.73,5666.84,5647.58,5666.77
02/02/2017,5627.15,5656.01,5616.4,5636.2
01/02/2017,5654.51,5662.11,5621.03,5642.65
31/01/2017,5592.87,5615.15,5576.09,5614.79
30/01/2017,5635.86,5636.09,5578.76,5613.71
27/01/2017,5664.88,5667.45,5643.9,5660.78
26/01/2017,5666.28,5669.61,5647.65,5655.18
25/01/2017,5635.86,5658.59,5634.33,5656.34
24/01/2017,5568.27,5606.53,5558.49,5600.96
23/01/2017,5546.64,5564.14,5522.69,5552.94
20/01/2017,5556.87,5574.35,5542.23,5555.33
19/01/2017,5560.61,5571.53,5528.37,5540.08
18/01/2017,5546.94,5555.98,5534.77,5555.65
17/01/2017,5555.16,5557.05,5527.22,5538.73
13/01/2017,5557.57,5584.26,5557.2,5574.12
12/01/2017,5542.56,5550.67,5496.82,5547.49
11/01/2017,5550.72,5564.08,5524.03,5563.65
10/01/2017,5536.54,5564.25,5528.11,5551.82
09/01/2017,5527.58,5541.08,5517.14,5531.82
06/01/2017,5499.08,5536.52,5482.81,5521.06
05/01/2017,5474.39,5495.85,5464.36,5487.94
04/01/2017,5440.91,5482.35,5440.24,5477
03/01/2017,5425.62,5452.57,5397.99,5429.08
30/12/2016,5440.17,5441.9,5371.89,5383.12
29/12/2016,5437.51,5450.63,5415.18,5432.09
28/12/2016,5497.44,5498.91,5434.7,5438.56
27/12/2016,5470.76,5512.37,5469.61,5487.44
23/12/2016,5441.76,5462.69,5441.76,5462.69
22/12/2016,5472.01,5472.01,5432.77,5447.42
21/12/2016,5482.63,5486.26,5465.31,5471.43
20/12/2016,5473.53,5489.47,5471.71,5483.94
19/12/2016,5441.2,5483.42,5436.54,5457.44
16/12/2016,5467.82,5474.58,5426.01,5437.16
15/12/2016,5443.51,5485.12,5439.39,5456.85
14/12/2016,5465.69,5476.25,5425.73,5436.67
13/12/2016,5433.57,5486.75,5430.72,5463.83
12/12/2016,5428.22,5434.9,5394.42,5412.54
09/12/2016,5436.11,5450.16,5427.12,5444.5
08/12/2016,5394.15,5425.52,5389.1,5417.36
07/12/2016,5322.67,5397.93,5307.31,5393.76
06/12/2016,5317.74,5333.99,5299.94,5333
05/12/2016,5283.27,5321.09,5269.57,5308.89
02/12/2016,5249.02,5274.54,5239.27,5255.65
01/12/2016,5323.88,5326.34,5238.21,5251.11
30/11/2016,5391.35,5393.15,5323.68,5323.68
29/11/2016,5370.98,5403.86,5360.56,5379.92
28/11/2016,5387.92,5396.27,5364.91,5368.81
25/11/2016,5388.49,5398.92,5379.28,5398.92
23/11/2016,5366.55,5380.68,5350.68,5380.68
22/11/2016,5384.75,5392.26,5365.6,5386.35
21/11/2016,5336.78,5369.83,5334.16,5368.86
18/11/2016,5340.97,5346.8,5315.53,5321.51
17/11/2016,5295.07,5334.05,5288.16,5333.97
16/11/2016,5253.74,5299.63,5251.88,5294.58
15/11/2016,5241.35,5287.06,5236.25,5275.62
14/11/2016,5246.33,5247.17,5192.05,5218.4
11/11/2016,5191.82,5241.08,5179.64,5237.11
10/11/2016,5283.48,5302.68,5145.32,5208.8
09/11/2016,5143.86,5258.99,5143.86,5251.07
08/11/2016,5154.99,5214.17,5145.3,5193.49
07/11/2016,5128.99,5169.41,5122.77,5166.17
04/11/2016,5034.41,5087.51,5034.41,5046.37
03/11/2016,5104.7,5115.06,5053.53,5058.41
02/11/2016,5147.28,5156.7,5097.56,5105.57
01/11/2016,5199.77,5201.13,5112.32,5153.58
31/10/2016,5205.09,5206.7,5186.56,5189.13
28/10/2016,5203.7,5232.35,5178.76,5190.1
27/10/2016,5272.19,5274.12,5211.75,5215.97
26/10/2016,5256.4,5280.85,5237.05,5250.27
25/10/2016,5306.47,5310.27,5278.57,5283.4
24/10/2016,5290.31,5311.5,5289.23,5309.83
21/10/2016,5238.65,5259.13,5225.76,5257.4
20/10/2016,5238.2,5252.1,5216.05,5241.83
19/10/2016,5240.33,5253.83,5234.25,5246.41
18/10/2016,5255.32,5264.27,5239.44,5243.84
17/10/2016,5213.69,5219.98,5196.03,5199.82
14/10/2016,5241.26,5258.88,5213.37,5214.16
13/10/2016,5200.3,5228.26,5169.76,5213.33
12/10/2016,5247.91,5257.18,5228.77,5239.02
11/10/2016,5321.82,5321.82,5227.43,5246.79
10/10/2016,5318.46,5340.52,5317.73,5328.67
07/10/2016,5314.92,5315.65,5266.8,5292.4
06/10/2016,5306.59,5315.73,5281.47,5306.85
05/10/2016,5305.28,5330.81,5304.06,5316.02
04/10/2016,5313.49,5323.6,5271.7,5289.66
03/10/2016,5300.29,5308.6,5281.95,5300.87
30/09/2016,5288.87,5325.88,5277.88,5312
29/09/2016,5311.31,5317,5254.52,5269.15
28/09/2016,5312.73,5320.62,5284.84,5318.55
27/09/2016,5254.18,5306.81,5251.32,5305.71
26/09/2016,5275.73,5282.27,5254.96,5257.49
23/09/2016,5327.43,5329.71,5301.63,5305.75
22/09/2016,5323.26,5342.88,5320.93,5339.52
21/09/2016,5263.65,5299.4,5233.94,5295.18
20/09/2016,5256.19,5265.18,5235.42,5241.35
19/09/2016,5263.55,5281.07,5222.91,5235.03
16/09/2016,5238.71,5248.6,5218.97,5244.57
15/09/2016,5178.1,5254.78,5176.25,5249.69
14/09/2016,5160.21,5201.34,5159.55,5173.77
13/09/2016,5181.14,5195.03,5131.27,5155.25
12/09/2016,5098.03,5217.88,5097.8,5211.89
09/09/2016,5217.95,5225.93,5125.91,5125.91
08/09/2016,5269.96,5271.01,5248.41,5259.48
07/09/2016,5274.23,5287.61,5261.92,5283.93
06/09/2016,5260,5275.91,5244,5275.91
02/09/2016,5249.66,5263.39,5231.02,5249.9
01/09/2016,5218.28,5229.94,5189.36,5227.21
31/08/2016,5216.42,5219.89,5191.18,5213.22
30/08/2016,5229.88,5241.62,5205.61,5222.99
29/08/2016,5223.8,5245.12,5222.34,5232.33
26/08/2016,5219.05,5253.39,5191.86,5218.92
25/08/2016,5207.61,5230.59,5201.64,5212.2
24/08/2016,5254.42,5262.99,5205.64,5217.69
23/08/2016,5265.78,5275.74,5257.9,5260.08
22/08/2016,5231.46,5252.13,5224.63,5244.6
19/08/2016,5229.87,5245.81,5217.65,5238.38
18/08/2016,5226.45,5243.17,5221.84,5240.15
17/08/2016,5228.44,5230.09,5197.23,5228.66
16/08/2016,5247.96,5248.26,5226.78,5227.11
15/08/2016,5242.18,5271.36,5241.14,5262.02
12/08/2016,5219.66,5233.34,5215.55,5232.89
11/08/2016,5222.15,5235.29,5211.25,5228.4
10/08/2016,5227.95,5227.96,5193.8,5204.58
09/08/2016,5216.21,5238.54,5214.95,5225.48
08/08/2016,5223.54,5228.4,5202.18,5213.14
05/08/2016,5190.71,5227.23,5186.25,5221.12
04/08/2016,5158.02,5174,5145.39,5166.25
03/08/2016,5133.24,5159.74,5128.44,5159.74
02/08/2016,5177.53,5181.02,5109.8,5137.73
01/08/2016,5167.42,5199.13,5158.93,5184.2
29/07/2016,5162.15,5175.81,5140.05,5162.13
28/07/2016,5144.82,5160.16,5130.75,5154.98
27/07/2016,5143.84,5151.06,5120.66,5139.81
26/07/2016,5095.61,5122.3,5084.18,5110.05
25/07/2016,5096.99,5100.72,5082.66,5097.63
22/07/2016,5078.12,5103.52,5064.11,5100.16
21/07/2016,5093.97,5102.78,5061.11,5073.9
20/07/2016,5061.6,5098.25,5053.92,5089.93
19/07/2016,5038.22,5052.24,5028.24,5036.37
18/07/2016,5034.99,5063.53,5030.13,5055.78
15/07/2016,5041.19,5044.81,5018.52,5029.59
14/07/2016,5041.95,5045.18,5025.15,5034.06
13/07/2016,5036.32,5036.39,5002.82,5005.73
12/07/2016,5017.99,5032.1,5009.68,5022.82
11/07/2016,4976.54,5002.5,4976.54,4988.64
08/07/2016,4906.66,4959,4901.27,4956.76
07/07/2016,4867.47,4889.01,4853.68,4876.81
06/07/2016,4799.32,4861.05,4786.01,4859.16
05/07/2016,4837.06,4839.13,4797.29,4822.9
01/07/2016,4837.18,4880.17,4837.17,4862.57
30/06/2016,4793.75,4843.11,4774.52,4842.67
29/06/2016,4732.93,4787.59,4732.34,4779.25
28/06/2016,4643.93,4692.98,4643.93,4691.87
27/06/2016,4664.43,4665.04,4574.25,4594.44
24/06/2016,4715.79,4798.22,4698.42,4707.98
23/06/2016,4872.19,4910.04,4859.4,4910.04
22/06/2016,4846.68,4875.93,4830,4833.32
21/06/2016,4845.08,4852.19,4826.59,4843.76
20/06/2016,4856.69,4882.15,4834.51,4837.21
17/06/2016,4835.02,4835.02,4792.34,4800.34
16/06/2016,4809.69,4847.86,4778.78,4844.92
15/06/2016,4855.08,4868.16,4830.33,4834.93
14/06/2016,4836.67,4863.01,4811.93,4843.55
13/06/2016,4868.51,4894.85,4844.94,4848.44
10/06/2016,4915.15,4917.92,4880.61,4894.55
09/06/2016,4954.15,4965.49,4940.55,4958.62
08/06/2016,4970.01,4979.66,4956.79,4974.64
07/06/2016,4972.13,4979.38,4960.28,4961.75
06/06/2016,4950.46,4980.14,4944.87,4968.71
03/06/2016,4958.1,4958.65,4909.21,4942.52
02/06/2016,4941.25,4971.36,4924.23,4971.36
01/06/2016,4928.97,4958.98,4923.2,4952.25
31/05/2016,4938.48,4951.45,4923.03,4948.05
27/05/2016,4904.05,4933.51,4902.5,4933.51
26/05/2016,4897.78,4909.38,4887.27,4901.77
25/05/2016,4877.18,4905.45,4872.42,4894.89
24/05/2016,4792.85,4865.99,4792.63,4861.06
23/05/2016,4771.57,4792.64,4763.91,4765.78
20/05/2016,4729.44,4781.7,4729,4769.56
19/05/2016,4717.36,4735.27,4678.38,4712.53
18/05/2016,4705.78,4762.28,4704.49,4739.12
17/05/2016,4768.85,4776.15,4703.39,4715.73
16/05/2016,4728.86,4791.25,4724.73,4775.46
13/05/2016,4731.07,4759.29,4708.26,4717.68
12/05/2016,4778.19,4779.46,4710.17,4737.33
11/05/2016,4799.3,4812.19,4760.36,4760.69
10/05/2016,4768.91,4811.3,4758.2,4809.88
09/05/2016,4736.35,4771.94,4735.06,4750.21
06/05/2016,4695.9,4736.16,4684.28,4736.16
05/05/2016,4742.42,4744.55,4709.75,4717.09
04/05/2016,4735.28,4751.64,4713.91,4725.64
03/05/2016,4780.88,4791.43,4749.71,4763.22
02/05/2016,4786.55,4821.57,4768.28,4817.59
29/04/2016,4805.79,4807.89,4740.84,4775.36
28/04/2016,4857.6,4889.16,4796.32,4805.29
27/04/2016,4855.38,4872.91,4826.38,4863.14
26/04/2016,4903.81,4915,4875.42,4888.28
25/04/2016,4891.48,4904.87,4878.37,4895.79
22/04/2016,4898.24,4921.66,4872.02,4906.23
21/04/2016,4949.12,4966.61,4932.64,4945.89
20/04/2016,4941.99,4969.32,4928.29,4948.13
19/04/2016,4968.3,4968.67,4915.52,4940.33
18/04/2016,4919.36,4960.79,4915.63,4960.02
15/04/2016,4938.83,4950.43,4925.46,4938.22
14/04/2016,4947.62,4961.3,4931.81,4945.89
13/04/2016,4904.79,4951.91,4903.6,4947.42
12/04/2016,4838.82,4879.6,4808.91,4872.09
11/04/2016,4873.39,4897.55,4833.4,4833.4
08/04/2016,4883.99,4892.6,4835.36,4850.69
07/04/2016,4893.57,4901.49,4831.49,4848.37
06/04/2016,4849.58,4921.51,4849.28,4920.72
05/04/2016,4855.9,4872.7,4838.62,4843.93
04/04/2016,4911.21,4917.75,4885.17,4891.8
01/04/2016,4842.55,4917.09,4832.06,4914.54
31/03/2016,4869.57,4891.3,4864.41,4869.85
30/03/2016,4875.46,4899.14,4859.35,4869.29
29/03/2016,4756.55,4849.31,4749.78,4846.62
28/03/2016,4785.25,4787.39,4760.01,4766.79
24/03/2016,4743.36,4773.5,4734.77,4773.5
23/03/2016,4813.87,4816.67,4765.37,4768.86
22/03/2016,4783.6,4835.6,4781.71,4821.66
21/03/2016,4787.31,4814.85,4785.38,4808.87
18/03/2016,4784.63,4804.58,4772.41,4795.65
17/03/2016,4752.62,4788.09,4737.97,4774.99
16/03/2016,4717.88,4774.78,4716.45,4763.97
15/03/2016,4731.14,4735.27,4712.07,4728.67
14/03/2016,4733.39,4762.27,4731.51,4750.28
11/03/2016,4712.38,4748.79,4700.91,4748.47
10/03/2016,4691.2,4716.14,4607.99,4662.16
09/03/2016,4666.42,4676.47,4642.42,4674.38
08/03/2016,4676.22,4695.04,4642.86,4648.82
07/03/2016,4690.88,4731.19,4674.82,4708.25
04/03/2016,4715.76,4746.65,4687.94,4717.02
03/03/2016,4698.38,4707.72,4674.46,4707.42
02/03/2016,4683.8,4703.58,4665.93,4703.42
01/03/2016,4596.01,4689.6,4581.75,4689.6
29/02/2016,4585.3,4619.9,4557.46,4557.95
26/02/2016,4615.14,4618.85,4580.78,4590.47
25/02/2016,4554.73,4582.21,4516.89,4582.21
24/02/2016,4453.93,4547.64,4425.72,4542.61
23/02/2016,4550.05,4558.06,4500.94,4503.58
22/02/2016,4548.31,4576.47,4546.55,4570.61
19/02/2016,4464.67,4513.15,4455.1,4504.43
18/02/2016,4548.1,4548.47,4482.77,4487.54
17/02/2016,4471.66,4540.78,4463.51,4534.06
16/02/2016,4397.95,4435.96,4376.52,4435.96
12/02/2016,4307.29,4340.13,4274.15,4337.51
11/02/2016,4218.81,4293.22,4209.76,4266.84
10/02/2016,4318.28,4369.62,4280.73,4283.59
09/02/2016,4224.87,4329.61,4222.48,4268.76
08/02/2016,4288.02,4301.53,4212.81,4283.75
05/02/2016,4491.48,4493.19,4350.37,4363.14
04/02/2016,4492.48,4545.52,4463.99,4509.56
03/02/2016,4543.82,4547.32,4424.47,4504.24
02/02/2016,4588.69,4589.9,4503.12,4516.95
01/02/2016,4587.59,4636.93,4565.37,4620.37
29/01/2016,4512.09,4613.95,4511.3,4613.95
28/01/2016,4533.81,4533.81,4447.5,4506.68
27/01/2016,4548.87,4568.85,4450.83,4468.17
26/01/2016,4537.04,4583.21,4503.53,4567.67
25/01/2016,4574.59,4590.44,4514.78,4518.49
22/01/2016,4557.39,4591.18,4540.27,4591.18
21/01/2016,4480.7,4537.15,4432.02,4472.06
20/01/2016,4405.22,4514.92,4313.39,4471.69
19/01/2016,4548.05,4550.57,4430.77,4476.95
15/01/2016,4464.37,4520.45,4419.41,4488.42
14/01/2016,4545.37,4650.55,4470.59,4615
13/01/2016,4706.02,4713.98,4517.56,4526.06
12/01/2016,4681.54,4714.8,4618.03,4685.92
11/01/2016,4673.44,4683.02,4573.78,4637.99
08/01/2016,4722.02,4742.57,4637.85,4643.63
07/01/2016,4736.4,4788.02,4688.17,4689.43
06/01/2016,4813.76,4866.04,4804.69,4835.76
05/01/2016,4917.84,4926.73,4872.74,4891.43
04/01/2016,4897.65,4903.09,4846.98,4903.09
31/12/2015,5047.04,5058.06,5007.01,5007.41
30/12/2015,5101.18,5102.35,5065.68,5065.85
29/12/2015,5066.52,5116.99,5065.89,5107.94
28/12/2015,5032.29,5041.27,4999.07,5040.99
24/12/2015,5046.19,5063.28,5043.65,5048.49
23/12/2015,5025.55,5046.09,5020.44,5045.93
22/12/2015,4988.68,5007.77,4964.08,5001.11
21/12/2015,4957.53,4968.92,4928.93,4968.92
18/12/2015,4982.58,4996.49,4921.33,4923.08
17/12/2015,5087.17,5088.58,5002.55,5002.55
16/12/2015,5033.48,5078.99,4992.63,5071.13
15/12/2015,4991.21,5026.54,4986.99,4995.36
14/12/2015,4932.61,4953.6,4871.59,4952.23
11/12/2015,4979.77,4996.19,4928.67,4933.47
10/12/2015,5026.3,5075.65,5019.31,5045.17
09/12/2015,5077.21,5106.37,5000.12,5022.87
08/12/2015,5050.52,5111.73,5045.73,5098.24
07/12/2015,5139.46,5139.78,5082.23,5101.81
04/12/2015,5050.93,5147,5043.49,5142.27
03/12/2015,5143.42,5144.6,5011.72,5037.53
02/12/2015,5158.82,5176.77,5117.15,5123.22
01/12/2015,5129.64,5156.31,5120.17,5156.31
30/11/2015,5139.58,5141.36,5098.7,5108.67
27/11/2015,5121.93,5134.35,5108.51,5127.52
25/11/2015,5106.87,5124.09,5101.18,5116.14
24/11/2015,5070.66,5110.75,5050.14,5102.81
23/11/2015,5106.72,5128.08,5084.85,5102.48
20/11/2015,5096.96,5112.46,5094.32,5104.92
19/11/2015,5078.67,5092.46,5067.27,5073.64
18/11/2015,5004.61,5078.8,5001.67,5075.2
17/11/2015,4991.71,5023.45,4975.74,4986.02
16/11/2015,4916.14,4984.91,4908.66,4984.62
13/11/2015,4980.86,4989.06,4925.35,4927.88
12/11/2015,5043.1,5062.49,5004.46,5005.08
11/11/2015,5098.13,5111.19,5066.68,5067.02
10/11/2015,5068.55,5086.88,5051.22,5083.24
09/11/2015,5128.94,5133.44,5066.1,5095.3
06/11/2015,5124.04,5147.12,5092.87,5147.12
05/11/2015,5144.15,5154.86,5098.49,5127.74
04/11/2015,5155.62,5162.57,5122.78,5142.48
03/11/2015,5114.31,5163.47,5109.68,5145.13
02/11/2015,5065.64,5130.51,5061.47,5127.15
30/10/2015,5079.76,5085.22,5053.75,5053.75
29/10/2015,5071.04,5084.63,5066.89,5074.27
28/10/2015,5040.38,5095.69,5019.6,5095.69
27/10/2015,5018.99,5040.08,5009.07,5030.15
26/10/2015,5030.8,5045.16,5012.74,5034.7
23/10/2015,5024.38,5048.55,4999.54,5031.86
22/10/2015,4875.96,4926.99,4861.8,4920.05
21/10/2015,4903.98,4904.85,4836.46,4840.12
20/10/2015,4900.02,4909.37,4866.6,4880.97
19/10/2015,4873.54,4915.49,4865.83,4905.47
16/10/2015,4872.36,4886.95,4851.28,4886.69
15/10/2015,4799.43,4870.1,4795.29,4870.1
14/10/2015,4801.35,4820.09,4771.62,4782.85
13/10/2015,4809.24,4858.28,4793.92,4796.61
12/10/2015,4839.79,4846.74,4818.17,4838.64
09/10/2015,4817.63,4841.38,4804.59,4830.47
08/10/2015,4775.06,4819.07,4737.93,4810.79
07/10/2015,4775.05,4791.15,4728.71,4791.15
06/10/2015,4767.63,4783.37,4711.79,4748.36
05/10/2015,4742.13,4785.91,4740.24,4781.26
02/10/2015,4566.13,4707.78,4552.34,4707.78
01/10/2015,4624.46,4628.23,4559.21,4627.08
30/09/2015,4574.38,4620.16,4559.18,4620.16
29/09/2015,4551.04,4596.06,4487.06,4517.32
28/09/2015,4665.06,4665.21,4529.41,4543.97
25/09/2015,4782.41,4785.22,4659.48,4686.5
24/09/2015,4717.89,4746.21,4670.12,4734.48
23/09/2015,4764.69,4780.64,4735.13,4752.74
22/09/2015,4762.29,4776.28,4716.91,4756.72
21/09/2015,4851.98,4881.46,4795.91,4828.95
18/09/2015,4828.71,4878.71,4819.09,4827.23
17/09/2015,4884.11,4960.87,4880.5,4893.95
16/09/2015,4860.43,4893.44,4848.15,4889.24
15/09/2015,4819.32,4872.35,4802.09,4860.52
14/09/2015,4831.98,4832,4791.08,4805.76
11/09/2015,4770.73,4822.34,4763.15,4822.34
10/09/2015,4749.96,4826.33,4746.52,4796.25
09/09/2015,4856.27,4862.88,4746.73,4756.53
08/09/2015,4769.72,4815.04,4754.89,4811.93
04/09/2015,4670.35,4712.67,4657.82,4683.92
03/09/2015,4763.1,4800.18,4721.91,4733.5
02/09/2015,4704.42,4749.98,4659.41,4749.98
01/09/2015,4673.61,4722.13,4614.91,4636.11
31/08/2015,4798.68,4824.61,4763.42,4776.51
28/08/2015,4792.11,4836.78,4788.38,4828.32
27/08/2015,4761.05,4818.71,4721.79,4812.71
26/08/2015,4633.51,4703.97,4530.03,4697.54
25/08/2015,4687.27,4689.54,4506.1,4506.49
24/08/2015,4351.61,4694.9,4292.14,4526.25
21/08/2015,4801.04,4856.75,4706.04,4706.04
20/08/2015,4973.49,4986.51,4877.49,4877.49
19/08/2015,5039.03,5060.93,4992.85,5019.05
18/08/2015,5082.17,5085.14,5054.97,5059.35
17/08/2015,5032.34,5092.69,5022.42,5091.7
14/08/2015,5025.92,5051.89,5012.61,5048.24
13/08/2015,5050.94,5071.46,5029.61,5033.56
12/08/2015,4994.52,5055.75,4945.79,5044.39
11/08/2015,5069.16,5089.33,5013.45,5036.79
10/08/2015,5081.72,5112.47,5081.11,5101.8
07/08/2015,5043.97,5055.56,5006.15,5043.54
06/08/2015,5146.63,5149.93,5035.41,5056.44
05/08/2015,5132.77,5175.26,5131.86,5139.94
04/08/2015,5110.96,5125.9,5092.46,5105.55
03/08/2015,5134.34,5143.08,5082.32,5115.38
31/07/2015,5148.18,5155.02,5122.37,5128.28
30/07/2015,5100.31,5135.65,5070.62,5128.78
29/07/2015,5097.86,5117.84,5080.04,5111.73
28/07/2015,5063.44,5097.69,5025.61,5089.21
27/07/2015,5055.92,5072.88,5032.69,5039.78
24/07/2015,5166.91,5167.54,5084.51,5088.63
23/07/2015,5180.33,5197,5137.64,5146.41
22/07/2015,5146.03,5184.74,5145.78,5171.77
21/07/2015,5219.2,5229,5196.3,5208.12
20/07/2015,5223.18,5231.94,5201.49,5218.86
17/07/2015,5196.11,5210.16,5183.23,5210.14
16/07/2015,5138.18,5163.18,5128.56,5163.18
15/07/2015,5111.11,5125.32,5088.12,5098.94
14/07/2015,5077.12,5116.52,5075.12,5104.89
13/07/2015,5037.27,5074.81,5036.68,5071.51
10/07/2015,4981.24,5008.05,4966.51,4997.7
09/07/2015,4976.15,4982.19,4920.4,4922.4
08/07/2015,4953.98,4965.45,4901.51,4909.76
07/07/2015,4993.76,5001.99,4902.21,4997.46
06/07/2015,4963.8,5020.71,4960.93,4991.94
02/07/2015,5024.3,5027.47,4990.74,5009.21
01/07/2015,5029.05,5038.55,4994.46,5013.12
30/06/2015,5000.15,5008.76,4968.26,4986.87
29/06/2015,5021.21,5051.01,4956.23,4958.47
26/06/2015,5113.26,5121.47,5060.82,5080.51
25/06/2015,5113.26,5113.26,5112.19,5112.19
24/06/2015,5139.48,5139.48,5122.41,5122.41
23/06/2015,5161.68,5163.41,5139.33,5160.09
22/06/2015,5147.87,5162.13,5142.78,5153.97
19/06/2015,5147.87,5147.87,5117,5117
18/06/2015,5082.06,5143.32,5082.03,5132.95
17/06/2015,5067.68,5080.11,5042.25,5064.88
16/06/2015,5023.58,5063.06,5022.56,5055.55
15/06/2015,5011.79,5035.37,4985.94,5029.97
12/06/2015,5060.24,5067.96,5043.24,5051.1
11/06/2015,5088.26,5101.39,5075.05,5082.51
10/06/2015,5029.41,5086.66,5024.17,5076.69
09/06/2015,5013.13,5027.02,4974.62,5013.87
08/06/2015,5066.65,5069,5014.06,5021.63
05/06/2015,5057.04,5074.98,5025.52,5068.46
04/06/2015,5078.22,5101.11,5046.29,5059.12
03/06/2015,5098.48,5114.6,5084.99,5099.23
02/06/2015,5063.47,5100.02,5047.35,5076.52
01/06/2015,5094.94,5099.01,5045.67,5082.93
29/05/2015,5093.1,5099.4,5057.59,5070.03
28/05/2015,5096.34,5106.65,5080.25,5097.98
27/05/2015,5047.86,5111.54,5039.37,5106.59
26/05/2015,5076.91,5081.17,5016.74,5032.75
22/05/2015,5085.39,5103.84,5085.19,5089.36
21/05/2015,5065.94,5098.23,5062.51,5090.79
20/05/2015,5072.44,5097.52,5050.21,5071.74
19/05/2015,5080.44,5087.35,5062.8,5070.03
18/05/2015,5040.92,5084.5,5037.54,5078.44
15/05/2015,5059.15,5062.65,5034.84,5048.29
14/05/2015,5016.68,5051.72,4999.65,5050.8
13/05/2015,4991.42,5012.97,4977.49,4981.69
12/05/2015,4966.44,4995.5,4931.6,4976.19
11/05/2015,5003.26,5017.38,4992.02,4993.57
08/05/2015,4991.63,5014.33,4989.26,5003.55
07/05/2015,4917.75,4957.12,4914.53,4945.54
06/05/2015,4956.7,4965.1,4888.17,4919.64
05/05/2015,5000.2,5008.27,4934.34,4939.33
04/05/2015,5018.35,5043.62,5013.02,5016.93
01/05/2015,4966.32,5005.39,4962.74,5005.39
30/04/2015,4996.99,5015.96,4921.55,4941.42
29/04/2015,5028.45,5053.84,4999.83,5023.64
28/04/2015,5063.26,5075.3,5006.28,5055.42
27/04/2015,5104.36,5119.83,5053.54,5060.25
24/04/2015,5096.34,5100.37,5081.21,5092.08
23/04/2015,5020.22,5073.09,5019.29,5056.06
22/04/2015,5026.57,5040.65,4992.62,5035.17
21/04/2015,5023.96,5028.22,5009.51,5014.1
20/04/2015,4958.07,5000.2,4952.68,4994.6
17/04/2015,4966.11,4974.09,4912.33,4931.81
16/04/2015,4999.36,5016,4996,5007.79
15/04/2015,4992.62,5021.19,4989.24,5011.02
14/04/2015,4988.82,4996.82,4952.01,4977.29
13/04/2015,5001.55,5024.25,4985.96,4988.25
10/04/2015,4977.03,4996.08,4970.02,4995.98
09/04/2015,4950.84,4975.93,4928.11,4974.56
08/04/2015,4914.15,4956.72,4914.15,4950.82
07/04/2015,4917.5,4948.88,4909.77,4910.23
06/04/2015,4855.94,4929.62,4852.91,4917.32
02/04/2015,4885.41,4901.33,4872.96,4886.94
01/04/2015,4894.36,4899.38,4844.39,4880.23
31/03/2015,4925.91,4940.87,4899.31,4900.88
30/03/2015,4921.78,4948.46,4921.12,4947.44
27/03/2015,4863.74,4899.26,4859.66,4891.22
26/03/2015,4835.71,4889.21,4825.93,4863.36
25/03/2015,5002.83,5006.76,4876.52,4876.52
24/03/2015,5010.1,5032.48,4994.56,4994.73
23/03/2015,5020.6,5031.39,5010.97,5010.97
20/03/2015,5033.47,5042.14,5020.07,5026.42
19/03/2015,4982.02,5000.02,4979.94,4992.38
18/03/2015,4926.83,5001.57,4907.72,4982.83
17/03/2015,4912.65,4944.91,4907.02,4937.43
16/03/2015,4897.27,4929.94,4889.09,4929.51
13/03/2015,4885.54,4904.47,4842.8,4871.76
12/03/2015,4853.98,4895.8,4853.2,4893.29
11/03/2015,4866.94,4876.09,4846.79,4849.94
10/03/2015,4899.51,4899.51,4859.79,4859.79
09/03/2015,4899.51,4942.44,4899.51,4942.44
06/03/2015,4936.08,4936.08,4927.37,4927.37
05/03/2015,4979.95,4993.52,4963.1,4982.81
04/03/2015,4961.24,4973.32,4938.9,4967.14
03/03/2015,4990.7,4996.66,4956.07,4979.9
02/03/2015,4973.43,5008.57,4972.01,5008.1
27/02/2015,4985.03,4989.25,4960.87,4963.53
26/02/2015,4969.27,4989.11,4955.51,4987.89
25/02/2015,4960.36,4984.24,4956,4967.14
24/02/2015,4956.21,4971.18,4945.14,4968.12
23/02/2015,4953.1,4960.97,4939.56,4960.97
20/02/2015,4919.78,4957.02,4905.59,4955.97
19/02/2015,4901.51,4929.53,4900.63,4924.7
18/02/2015,4890.84,4907.5,4885.6,4906.36
17/02/2015,4889.99,4901.89,4880.64,4899.27
